ch,rank
的,0001
一,0002
是,0003
在,0004
不,0005
了,0006
有,0007
和,0008
人,0009
這,0010
中,0011
大,0012
為,0013
上,0014
個,0015
國,0016
我,0017
以,0018
要,0019
地,0020
他,0021
時,0022
來,0023
用,0024
們,0025
生,0026
到,0027
作,0028
出,0029
就,0030
分,0031
於,0032
對,0033
成,0034
會,0035
可,0036
主,0037
發,0038
年,0039
動,0040
同,0041
工,0042
也,0043
能,0044
下,0045
過,0046
子,0047
說,0048
產,0049
種,0050
行,0051
而,0052
方,0053
面,0054
後,0055
多,0056
定,0057
學,0058
法,0059
所,0060
民,0061
得,0062
經,0063
十,0064
三,0065
之,0066
進,0067
等,0068
部,0069
度,0070
家,0071
電,0072
力,0073
如,0074
水,0075
化,0076
高,0077
都,0078
自,0079
二,0080
理,0081
起,0082
小,0083
長,0084
物,0085
現,0086
實,0087
加,0088
量,0089
兩,0090
體,0091
機,0092
還,0093
當,0094
使,0095
點,0096
從,0097
業,0098
本,0099
重,0100
去,0101
把,0102
性,0103
好,0104
應,0105
開,0106
它,0107
合,0108
因,0109
制,0110
由,0111
其,0112
些,0113
然,0114
前,0115
外,0116
天,0117
政,0118
四,0119
日,0120
那,0121
社,0122
義,0123
事,0124
平,0125
形,0126
相,0127
全,0128
裏,0129
間,0130
樣,0131
表,0132
與,0133
關,0134
各,0135
新,0136
線,0137
內,0138
數,0139
正,0140
心,0141
反,0142
你,0143
明,0144
看,0145
原,0146
又,0147
麼,0148
利,0149
比,0150
或,0151
但,0152
質,0153
氣,0154
第,0155
向,0156
道,0157
命,0158
此,0159
沒,0160
變,0161
條,0162
只,0163
結,0164
解,0165
問,0166
意,0167
建,0168
月,0169
公,0170
無,0171
軍,0172
很,0173
情,0174
者,0175
最,0176
立,0177
代,0178
想,0179
已,0180
通,0181
提,0182
直,0183
題,0184
黨,0185
程,0186
展,0187
五,0188
果,0189
料,0190
象,0191
員,0192
革,0193
位,0194
入,0195
常,0196
文,0197
總,0198
次,0199
品,0200
式,0201
活,0202
設,0203
及,0204
管,0205
特,0206
件,0207
求,0208
老,0209
頭,0210
基,0211
資,0212
邊,0213
流,0214
路,0215
級,0216
少,0217
圖,0218
山,0219
統,0220
接,0221
知,0222
較,0223
將,0224
組,0225
見,0226
計,0227
別,0228
她,0229
手,0230
角,0231
期,0232
根,0233
論,0234
運,0235
農,0236
指,0237
幾,0238
九,0239
區,1240
強,0241
放,0242
決,0243
西,0244
被,0245
做,0246
必,0247
戰,0248
先,0249
則,0250
任,0251
取,0252
據,0253
回,0254
給,0255
調,0256
處,0257
隊,0258
南,0259
色,0260
光,0261
門,0262
即,0263
保,0264
治,0265
北,0266
造,0267
百,0268
規,0269
熱,0270
領,0271
七,0272
海,0273
口,0274
東,0275
導,0276
器,0277
壓,0278
世,0279
金,0280
增,0281
爭,0282
濟,0283
階,0284
油,0285
思,0286
術,0287
極,0288
交,0289
受,0290
幹,0291
聯,0292
認,0293
六,0294
共,0295
權,0296
收,0297
證,0298
改,0299
清,0300
志,0301
己,0302
美,0303
再,0304
轉,0305
更,0306
單,0307
風,0308
切,0309
打,0310
白,0311
教,0312
速,0313
花,0314
帶,0315
安,0316
場,0317
身,0318
車,0319
例,0320
真,0321
務,0322
具,0323
萬,0324
每,0325
目,0326
至,0327
達,0328
走,0329
積,0330
示,0331
議,0332
聲,0333
報,0334
鬥,0335
完,0336
類,0337
八,0338
離,0339
華,0340
名,0341
確,0342
科,0343
傳,0344
張,0345
才,0346
信,0347
馬,0348
節,0349
話,0350
米,0351
採,0352
整,0353
空,0354
元,0355
況,0356
今,0357
集,0358
溫,0359
土,0360
許,0361
步,0362
群,0363
石,0364
廣,0365
且,0366
記,0367
需,0368
段,0369
研,0370
界,0371
拉,0372
林,0373
律,0374
叫,0375
究,0376
觀,0377
越,0378
織,0379
裝,0380
影,0381
算,0382
低,0383
持,0384
音,0385
眾,0386
系,0387
書,0388
容,0389
兒,0390
際,0391
商,0392
非,0393
驗,0394
連,0395
斷,0396
率,0397
深,0398
難,0399
近,0400
須,0401
礦,0402
千,0403
省,0404
委,0405
素,0406
技,0407
備,0408
半,0409
辦,0410
青,0411
列,0412
習,0413
便,0414
響,0415
約,0416
支,0417
般,0418
史,0419
感,0420
勞,0421
團,0422
往,0423
酸,0424
稱,0425
市,0426
克,0427
何,0428
除,0429
消,0430
構,0431
府,0432
甚,0433
太,0434
精,0435
歷,0436
值,0437
係,0438
周,0439
什,0440
號,0441
族,0442
維,0443
劃,0444
選,0445
標,0446
寫,0447
存,0448
候,0449
親,0450
毛,0451
快,0452
查,0453
效,0454
斯,0455
院,0456
江,0457
型,0458
眼,0459
王,0460
按,0461
格,0462
養,0463
易,0464
置,0465
派,0466
層,0467
片,0468
始,0469
卻,0470
專,0471
狀,0472
育,0473
廠,0474
京,0475
識,0476
適,0477
參,0478
屬,0479
圓,0480
包,0481
火,0482
住,0483
滿,0484
縣,0485
局,0486
照,0487
準,0488
紅,0489
輕,0490
引,0491
細,0492
聽,0493
該,0494
鐵,0495
價,0496
嚴,0497
底,0498
首,0499
液,0500
官,0501
德,0502
隨,0503
病,0504
失,0505
爾,0506
死,0507
講,0508
呢,0509
蘇,0510
配,0511
女,0512
黃,0513
推,0514
顯,0515
談,0516
罪,0517
神,0518
藝,0519
席,0520
含,0521
企,0522
望,0523
密,0524
批,0525
營,0526
項,0527
防,0528
舉,0529
球,0530
英,0531
氧,0532
勢,0533
告,0534
李,0535
落,0536
布,0537
木,0538
幫,0539
輪,0540
破,0541
亞,0542
朝,0543
師,0544
圍,0545
遠,0546
字,0547
材,0548
注,0549
排,0550
供,0551
河,0552
態,0553
封,0554
另,0555
復,0556
施,0557
減,0558
樹,0559
溶,0560
怎,0561
止,0562
案,0563
台,0564
言,0565
士,0566
均,0567
武,0568
固,0569
葉,0570
魚,0571
波,0572
視,0573
僅,0574
差,0575
費,0576
降,0577
緊,0578
愛,0579
左,0580
章,0581
早,0582
害,0583
續,0584
服,0585
食,0586
試,0587
充,0588
兵,0589
源,0590
判,0591
似,0592
司,0593
護,0594
足,0595
某,0596
練,0597
略,0598
田,0599
黑,0600
犯,0601
負,0602
擊,0603
繼,0604
興,0605
堅,0606
輸,0607
曲,0608
修,0609
故,0610
城,0611
覺,0612
夫,0613
夠,0614
送,0615
笑,0616
船,0617
右,0618
財,0619
吃,0620
富,0621
春,0622
職,0623
漢,0624
畫,0625
功,0626
巴,0627
裡,0628
跟,0629
雖,0630
雜,0631
板,0632
飛,0633
佔,0634
曾,0635
樂,0636
致,0637
檢,0638
吸,0639
里,0640
助,0641
陽,0642
互,0643
初,0644
創,0645
抗,0646
考,0647
投,0648
壞,0649
策,0650
古,0651
徑,0652
換,0653
未,0654
跑,0655
留,0656
鋼,0657
端,0658
責,0659
站,0660
簡,0661
升,0662
述,0663
錢,0664
副,0665
盡,0666
帝,0667
射,0668
草,0669
範,0670
承,0671
獨,0672
令,0673
限,0674
阿,0675
宣,0676
環,0677
雙,0678
請,0679
超,0680
微,0681
讓,0682
控,0683
州,0684
良,0685
軸,0686
找,0687
否,0688
紀,0689
益,0690
依,0691
優,0692
頂,0693
礎,0694
載,0695
倒,0696
房,0697
突,0698
坐,0699
粉,0700
敵,0701
客,0702
袁,0703
冷,0704
勝,0705
絕,0706
析,0707
塊,0708
劑,0709
測,0710
絲,0711
協,0712
訴,0713
陳,0714
仍,0715
羅,0716
餘,0717
鹽,0718
友,0719
洋,0720
錯,0721
苦,0722
夜,0723
刑,0724
移,0725
模,0726
頻,0727
念,0728
逐,0729
靠,0730
混,0731
母,0732
短,0733
皮,0734
終,0735
聚,0736
汽,0737
村,0738
哪,0739
既,0740
衛,0741
距,0742
校,0743
停,0744
烈,0745
央,0746
察,0747
燒,0748
迅,0749
境,0750
若,0751
印,0752
洲,0753
刻,0754
括,0755
激,0756
孔,0757
搞,0758
室,0759
待,0760
核,0761
散,0762
侵,0763
吧,0764
甲,0765
久,0766
菜,0767
味,0768
舊,0769
湖,0770
貨,0771
彈,0772
損,0773
預,0774
阻,0775
毫,0776
乙,0777
普,0778
穩,0779
媽,0780
植,0781
息,0782
擴,0783
銀,0784
語,0785
揮,0786
酒,0787
雲,0788
守,0789
拿,0790
序,0791
紙,0792
醫,0793
熟,0794
缺,0795
雨,0796
嗎,0797
針,0798
劉,0799
啊,0800
急,0801
唱,0802
訓,0803
誤,0804
願,0805
審,0806
血,0807
附,0808
茶,0809
鮮,0810
糧,0811
斤,0812
孩,0813
脫,0814
硫,0815
善,0816
肥,0817
演,0818
龍,0819
父,0820
漸,0821
歡,0822
掌,0823
械,0824
歌,0825
沙,0826
獲,0827
著,0828
剛,0829
製,0830
攻,0831
謂,0832
盾,0833
討,0834
晚,0835
佈,0836
粒,0837
亂,0838
燃,0839
矛,0840
乎,0841
殺,0842
複,0843
藥,0844
寧,0845
魯,0846
貴,0847
煤,0848
伯,0849
讀,0850
班,0851
句,0852
香,0853
迫,0854
介,0855
豐,0856
培,0857
握,0858
蘭,0859
弦,0860
擔,0861
蛋,0862
沉,0863
假,0864
執,0865
穿,0866
答,0867
誰,0868
順,0869
煙,0870
縮,0871
臉,0872
喜,0873
腳,0874
異,0875
免,0876
困,0877
背,0878
星,0879
福,0880
買,0881
染,0882
井,0883
概,0884
慢,0885
怕,0886
游,0887
磁,0888
倍,0889
祖,0890
皇,0891
薄,0892
促,0893
靜,0894
補,0895
評,0896
鐘,0897
翻,0898
肉,0899
踐,0900
尼,0901
衣,0902
寬,0903
揚,0904
棉,0905
希,0906
傷,0907
操,0908
藏,0909
垂,0910
宜,0911
秋,0912
氫,0913
露,0914
套,0915
督,0916
筆,0917
振,0918
亮,0919
憲,0920
末,0921
架,0922
慶,0923
綠,0924
編,0925
牛,0926
映,0927
觸,0928
銷,0929
雷,0930
座,0931
詩,0932
居,0933
抓,0934
裂,0935
胞,0936
呼,0937
娘,0938
景,0939
盟,0940
威,0941
晶,0942
厚,0943
衡,0944
孫,0945
延,0946
雞,0947
危,0948
膠,0949
屋,0950
鄉,0951
沖,0952
臨,0953
陸,0954
顧,0955
掉,0956
呀,0957
奇,0958
燈,0959
歲,0960
措,0961
束,0962
耐,0963
劇,0964
玉,0965
趙,0966
跳,0967
哥,0968
季,0969
課,0970
凱,0971
額,0972
齊,0973
款,0974
紹,0975
偉,0976
蒸,0977
永,0978
殖,0979
宗,0980
苗,0981
川,0982
爐,0983
弱,0984
楊,0985
零,0986
奏,0987
沿,0988
岩,0989
探,0990
滑,0991
鎮,0992
飯,0993
濃,0994
航,0995
懷,0996
趕,0997
庫,0998
奪,0999
伊,1000
稅,1001
靈,1002
途,1003
滅,1004
賽,1005
召,1006
歸,1007
鼓,1008
播,1009
盤,1010
裁,1011
險,1012
康,1013
唯,1014
錄,1015
菌,1016
純,1017
蓋,1018
橫,1019
繫,1020
私,1021
符,1022
努,1023
堂,1024
域,1025
糖,1026
槍,1027
潤,1028
幅,1029
哈,1030
竟,1031
澤,1032
腦,1033
壤,1034
碳,1035
歐,1036
側,1037
遍,1038
寨,1039
干,1040
敢,1041
徹,1042
惡,1043
慮,1044
斜,1045
庭,1046
納,1047
于,1048
塞,1049
折,1050
飼,1051
伸,1052
濕,1053
麥,1054
荷,1055
暗,1056
瓦,1921
床,1058
卡,1059
築,1060
戶,1061
塔,1062
訪,1063
透,1064
刀,1065
旋,1066
借,1067
氯,1068
遇,1069
份,1070
毒,1071
泥,1072
退,1073
洗,1074
蟲,1075
擺,1076
灰,1077
彩,1078
賣,1079
圈,1080
耗,1081
夏,1082
擇,1083
忙,1084
獻,1085
銅,1086
硬,1087
予,1088
削,1089
卷,1090
繁,1091
雪,1092
亦,1093
函,1094
抽,1095
篇,1096
陣,1097
陰,1098
丁,1099
尺,1100
追,1101
堆,1102
盛,1103
雄,1104
迎,1105
泛,1106
樓,1107
爸,1108
避,1109
謀,1110
噸,1111
野,1112
豬,1113
旗,1114
偏,1115
典,1116
館,1117
索,1118
秦,1119
脂,1120
潮,1121
爺,1122
忽,1123
塑,1124
遺,1125
松,1126
累,1127
愈,1128
朱,1129
替,1130
纖,1131
豆,1132
傾,1133
粗,1134
尚,1135
痛,1136
楚,1137
驚,1138
壁,1139
衝,1140
謝,1141
奮,1142
購,1143
磨,1144
君,1145
池,1146
旁,1147
碎,1148
骨,1149
徵,1150
監,1151
捕,1152
弟,1153
胡,1154
暴,1155
割,1156
殊,1157
貫,1158
釋,1159
托,1160
詞,1161
頓,1162
寶,1163
午,1164
塵,1165
聞,1166
揭,1167
炮,1168
殘,1169
橋,1170
婦,1171
綜,1172
警,1173
招,1174
吳,1175
付,1176
浮,1177
遭,1178
徐,1179
冬,1180
您,1181
搖,1182
谷,1183
箱,1184
隔,1185
訂,1186
男,1187
吹,1188
園,1189
柱,1190
唐,1191
紛,1192
敗,1193
嘴,1194
宋,1195
玻,1196
巨,1197
耕,1198
坦,1199
榮,1200
灣,1201
閉,1202
鍵,1203
剝,1204
凡,1205
並,1206
駐,1207
救,1208
鍋,1209
恩,1210
凝,1211
堿,1212
齒,1213
截,1214
跡,1215
麻,1216
禁,1217
紡,1218
廢,1219
版,1220
緩,1221
淨,1222
睛,1223
昌,1224
婚,1225
涉,1226
筒,1227
插,1228
岸,1229
朗,1230
莊,1231
街,1232
姑,1233
貿,1234
奴,1235
煉,1236
腐,1237
啦,1238
慣,1239
乘,1240
恢,1241
勻,1242
梁,1243
紗,1244
辯,1245
耳,1246
彪,1247
抵,1248
臣,1249
億,1250
脈,1251
璃,1252
秀,1253
薩,1254
俄,1255
網,1256
舞,1257
店,1258
噴,1259
縱,1260
寸,1261
童,1262
汗,1263
洪,1264
賀,1265
閃,1266
掛,1267
柬,1268
爆,1269
烯,1270
勒,1271
津,1272
軋,1273
稻,1274
軟,1275
勇,1276
像,1277
杆,1278
厘,1279
滾,1280
蒙,1281
芳,1282
肯,1283
坡,1284
腿,1285
儀,1286
旅,1287
尾,1288
伙,1289
蕩,1290
冰,1291
貢,1292
登,1293
黎,1294
鑽,1295
秘,1296
逃,1297
障,1298
氨,1299
湯,1300
郭,1301
亡,1302
峰,1303
幣,1304
港,1305
伏,1306
夢,1307
畝,1308
軌,1309
畢,1310
擦,1311
莫,1312
刺,1313
浪,1314
援,1315
株,1316
健,1317
售,1318
股,1319
采,1320
島,1321
泡,1322
甘,1323
睡,1324
鑄,1325
休,1326
閥,1327
牧,1328
繞,1329
哲,1330
炸,1331
磷,1332
朋,1333
績,1334
淡,1335
啟,1336
尖,1337
陷,1338
柴,1339
呈,1340
徒,1341
顏,1342
淚,1343
稍,1344
忘,1345
扎,1346
泵,1347
藍,1348
拖,1349
洞,1350
弄,1351
授,1352
鏡,1353
埔,1354
壯,1355
辛,1356
鋒,1357
虛,1358
貧,1359
佛,1360
彎,1361
摩,1362
泰,1363
匯,1364
幼,1365
尊,1366
廷,1367
窗,1368
綱,1369
氏,1370
隸,1371
疑,1372
宮,1373
姐,1374
震,1375
瑞,1376
怪,1377
尤,1378
夾,1379
循,1380
琴,1381
描,1382
膜,1383
違,1384
珠,1385
緣,1386
腰,1387
枝,1388
森,1389
窮,1390
竹,1391
溝,1392
催,1393
憶,1394
繩,1395
邦,1396
剩,1397
欄,1398
漿,1399
擁,1400
牙,1401
貯,1402
禮,1403
濾,1404
鈉,1405
紋,1406
咱,1407
拍,1408
罷,1409
幸,1410
喊,1411
袖,1412
埃,1413
勤,1414
焦,1415
罰,1416
伍,1417
潛,1418
墨,1419
縫,1420
姓,1421
刊,1422
畜,1423
飽,1424
獎,1425
鋁,1426
余,1427
鬼,1428
麗,1429
挖,1430
跨,1431
默,1432
鏈,1433
仿,1434
掃,1435
喝,1436
袋,1437
殼,1438
炭,1439
幕,1440
諸,1441
弧,1442
污,1443
勵,1444
梅,1445
奶,1446
潔,1447
災,1448
舟,1449
鑒,1450
苯,1451
訟,1452
抱,1453
毀,1454
懂,1455
寒,1456
智,1457
寄,1458
屆,1459
躍,1460
挑,1461
渡,1462
丹,1463
艱,1464
貝,1465
拔,1466
爹,1467
戴,1468
碼,1469
芽,1470
碰,1471
赤,1472
漁,1473
哭,1474
鉛,1475
敬,1476
顆,1477
奔,1478
欲,1479
仲,1480
柯,1481
稀,1482
虎,1483
妹,1484
乏,1485
珍,1486
桌,1487
申,1488
遵,1489
允,1490
螺,1491
隆,1492
倉,1493
魏,1494
曉,1495
銳,1496
征,1497
兼,1498
氮,1499
隱,1500
牆,1501
礙,1502
赫,1503
忠,1504
撥,1505
准,1506
肅,1507
缸,1508
搶,1509
牽,1510
博,1511
巧,1512
兄,1513
杜,1514
訊,1515
誠,1516
碧,1517
祥,1518
頁,1519
巡,1520
矩,1521
尋,1522
悲,1523
灌,1524
齡,1525
倫,1526
票,1527
桂,1528
聖,1529
恰,1530
恐,1531
鄭,1532
趣,1533
抬,1534
荒,1535
貼,1536
騰,1537
柔,1538
滴,1539
呵,1540
猛,1541
輛,1542
闊,1543
勁,1544
妻,1545
填,1546
撤,1547
儲,1548
舍,1549
淺,1550
鬧,1551
擾,1552
紫,1553
讚,1554
砂,1555
戲,1556
遞,1557
吊,1558
陶,1559
伐,1560
療,1561
瓶,1562
婆,1563
臂,1564
撫,1565
摸,1566
忍,1567
蝦,1568
胸,1569
鄰,1570
偶,1571
擠,1572
棄,1573
鞏,1574
鋪,1575
乳,1576
槽,1577
鬆,1578
仁,1579
吉,1580
鄧,1581
熔,1582
爛,1583
磚,1584
租,1585
簽,1586
烏,1587
艦,1588
伴,1589
瓜,1590
丙,1591
暫,1592
燥,1593
譜,1594
橡,1595
暖,1596
柳,1597
牌,1598
秧,1599
縴,1600
迷,1601
膽,1602
詳,1603
簧,1604
踏,1605
呆,1606
瓷,1607
賓,1608
洛,1609
糊,1610
憤,1611
競,1612
隙,1613
怒,1614
粘,1615
乃,1616
緒,1617
肩,1618
籍,1619
輝,1620
敏,1621
熙,1622
皆,1623
桿,1624
偵,1625
懸,1626
掘,1627
享,1628
糾,1629
醒,1630
狂,1631
鎖,1632
恨,1633
牲,1634
霸,1635
誌,1636
爬,1637
賞,1638
玩,1639
逆,1640
陵,1641
祝,1642
浙,1643
秒,1644
貌,1645
役,1646
彼,1647
悉,1648
冒,1649
鴨,1650
蠟,1651
趨,1652
塗,1653
鳳,1654
晨,1655
輩,1656
秩,1657
卵,1658
署,1659
梯,1660
炎,1661
灘,1662
篩,1663
驅,1664
峽,1665
啥,1666
壽,1667
譯,1668
浸,1669
泉,1670
帽,1671
硅,1672
遲,1673
疆,1674
棋,1675
貸,1676
漏,1677
冠,1678
嫩,1679
稿,1680
脅,1681
芯,1682
牢,1683
叛,1684
蝕,1685
奧,1686
鳴,1687
嶺,1688
羊,1689
憑,1690
串,1691
塘,1692
繪,1693
融,1694
酵,1695
盆,1696
錫,1697
廟,1698
凍,1699
攝,1700
籌,1701
輔,1702
襲,1703
拒,1704
筋,1705
僚,1706
旱,1707
鉀,1708
漆,1709
鳥,1710
眉,1711
添,1712
疏,1713
棒,1714
穗,1715
埋,1716
硝,1717
韓,1718
僑,1719
扭,1720
逼,1721
挺,1722
涼,1723
栽,1724
碗,1725
炒,1726
杯,1727
勸,1728
患,1729
贊,1730
餾,1731
豪,1732
遼,1733
勃,1734
鴻,1735
吏,1736
旦,1737
拜,1738
狗,1739
輥,1740
掩,1741
飲,1742
搬,1743
罵,1744
勾,1745
辭,1746
扣,1747
丈,1748
估,1749
絨,1750
蔣,1751
霧,1752
麵,1753
姆,1754
擬,1755
朵,1756
宇,1757
輯,1758
陝,1759
番,1760
雕,1761
償,1762
蓄,1763
剪,1764
崇,1765
倡,1766
咬,1767
廳,1768
薯,1769
駛,1770
刷,1771
斥,1772
賦,1773
奉,1774
扇,1775
曼,1776
沈,1777
漫,1778
澆,1779
鈣,1780
桃,1781
仔,1782
扶,1783
俗,1784
返,1785
虧,1786
腔,1787
鞋,1788
叔,1789
悄,1790
撞,1791
框,1792
覆,1793
週,1794
騙,1795
勘,1796
旺,1797
沸,1798
孤,1799
黏,1800
吐,1801
孟,1802
屈,1803
渠,1804
仰,1805
妙,1806
惜,1807
疾,1808
辟,1809
狠,1810
脹,1811
諧,1812
拋,1813
喂,1814
霉,1815
桑,1816
哩,1817
衰,1818
嘛,1819
崗,1820
棱,1821
滲,1822
盜,1823
髒,1824
賴,1825
甜,1826
曹,1827
閱,1828
厲,1829
肌,1830
烴,1831
巷,1832
毅,1833
緯,1834
昨,1835
偽,1836
煮,1837
症,1838
搭,1839
釘,1840
莖,1841
籠,1842
嘆,1843
綸,1844
酷,1845
鬍,1846
偷,1847
弓,1848
錐,1849
恒,1850
遊,1851
坑,1852
鼻,1853
敘,1854
獄,1855
翼,1856
絡,1857
逮,1858
湧,1859
罐,1860
抑,1861
棚,1862
膨,1863
寺,1864
砌,1865
蔬,1866
驟,1867
穆,1868
冶,1869
枯,1870
凸,1871
紳,1872
坯,1873
焰,1874
犧,1875
冊,1876
轟,1877
緻,1878
晉,1879
瘦,1880
喪,1881
壟,1882
錠,1883
錦,1884
旬,1885
鍛,1886
邀,1887
欣,1888
亭,1889
酯,1890
舒,1891
邁,1892
憂,1893
脆,1894
閒,1895
撲,1896
漲,1897
羽,1898
酚,1899
頑,1900
卸,1901
拌,1902
仗,1903
陪,1904
姚,1905
懲,1906
杭,1907
捉,1908
肚,1909
飄,1910
漂,1911
搜,1912
吾,1913
昆,1914
欺,1915
郎,1916
汁,1917
烷,1918
蕭,1919
郵,1920
雅,1057
飾,1922
屍,1923
燕,1924
遷,1925
姻,1926
撒,1927
赴,1928
宴,1929
債,1930
帳,1931
煩,1932
斑,1933
旨,1934
鈴,1935
醇,1936
董,1937
姿,1938
雛,1939
餅,1940
傅,1941
妥,1942
腹,1943
拆,1944
捅,1945
揉,1946
澱,1947
賢,1948
歪,1949
葡,1950
丟,1951
徽,1952
浩,1953
胺,1954
墊,1955
昂,1956
擋,1957
覽,1958
貪,1959
慰,1960
抹,1961
繳,1962
馮,1963
樑,1964
汪,1965
慌,1966
諾,1967
姜,1968
誼,1969
闆,1970
劣,1971
耀,1972
誣,1973
攪,1974
昏,1975
盈,1976
躺,1977
喬,1978
溪,1979
騎,1980
叢,1981
盧,1982
譽,1983
咨,1984
悶,1985
屏,1986
駕,1987
倆,1988
悟,1989
纜,1990
摘,1991
擲,1992
餌,1993
堡,1994
頗,1995
幻,1996
惠,1997
柄,1998
佳,1999
慘,2000
仇,2001
御,2002
窩,2003
臘,2004
宿,2005
劍,2006
滌,2007
瞧,2008
潑,2009
罩,2010
蔥,2011
撈,2012
泊,2013
霍,2014
胎,2015
蒼,2016
湘,2017
濱,2018
砍,2019
霞,2020
邵,2021
酬,2022
萄,2023
淮,2024
熊,2025
瘋,2026
遂,2027
烘,2028
糞,2029
戈,2030
檔,2031
嫂,2032
裕,2033
駁,2034
徙,2035
嚇,2036
捐,2037
箭,2038
撐,2039
腸,2040
攤,2041
殿,2042
蓮,2043
辨,2044
醬,2045
疫,2046
哀,2047
堵,2048
蔡,2049
沫,2050
皺,2051
暢,2052
疊,2053
萊,2054
閣,2055
敲,2056
轄,2057
痕,2058
鉤,2059
壩,2060
溜,2061
丘,2062
玄,2063
禍,2064
餓,2065
曰,2066
彭,2067
邏,2068
卿,2069
吞,2070
妨,2071
艇,2072
韋,2073
怨,2074
柏,2075
歇,2076
矮,2077
捻,2078
祿,2079
郊,2080
漠,2081
冤,2082
宏,2083
粹,2084
顛,2085
仙,2086
肪,2087
刮,2088
押,2089
挨,2090
娃,2091
醛,2092
拾,2093
勿,2094
侯,2095
吪,2096
夕,2097
戀,2098
鋅,2099
篡,2100
兆,2101
淋,2102
蓬,2103
豈,2104
釉,2105
妄,2106
拘,2107
捲,2108
魂,2109
摧,2110
氟,2111
頌,2112
渾,2113
誘,2114
蹟,2115
鈾,2116
犁,2117
譴,2118
嘉,2119
墻,2120
戚,2121
扯,2122
滋,2123
猶,2124
舶,2125
萌,2126
頒,2127
焊,2128
舌,2129
匹,2130
嘗,2131
媳,2132
肺,2133
掠,2134
烹,2135
疲,2136
釀,2137
窄,2138
馳,2139
鴉,2140
狹,2141
辱,2142
契,2143
敦,2144
遣,2145
菲,2146
韌,2147
拳,2148
辣,2149
稈,2150
臥,2151
醉,2152
墓,2153
矣,2154
竭,2155
茅,2156
艷,2157
輿,2158
締,2159
賬,2160
尿,2161
葬,2162
履,2163
渣,2164
禽,2165
襯,2166
賠,2167
躲,2168
奸,2169
溉,2170
稼,2171
賊,2172
妃,2173
抖,2174
醋,2175
廉,2176
掀,2177
晴,2178
褲,2179
后,2180
茫,2181
亥,2182
悠,2183
攔,2184
慧,2185
闡,2186
佐,2187
孝,2188
豎,2189
佩,2190
繡,2191
遙,2192
麟,2193
挽,2194
捨,2195
逝,2196
愁,2197
昭,2198
肖,2199
窯,2200
臭,2201
芬,2202
逢,2203
捷,2204
堤,2205
宙,2206
盲,2207
閘,2208
披,2209
輻,2210
鑿,2211
凶,2212
幽,2213
拓,2214
杠,2215
狼,2216
崩,2217
慎,2218
綢,2219
蜂,2220
惟,2221
誓,2222
錶,2223
餐,2224
叉,2225
址,2226
幟,2227
彌,2228
芝,2229
僕,2230
唉,2231
濤,2232
慨,2233
翠,2234
饑,2235
劫,2236
卜,2237
盒,2238
倘,2239
寂,2240
椒,2241
炳,2242
畏,2243
閤,2244
頸,2245
凌,2246
喉,2247
墾,2248
巾,2249
拚,2250
獸,2251
乾,2252
爽,2253
蔽,2254
蘆,2255
掙,2256
竊,2257
譚,2258
謬,2259
褐,2260
傘,2261
儒,2262
翅,2263
顫,2264
剖,2265
晃,2266
胚,2267
湊,2268
濁,2269
眠,2270
杰,2271
霜,2272
礁,2273
蔑,2274
喀,2275
抄,2276
奈,2277
闖,2278
碑,2279
耶,2280
蓉,2281
刨,2282
喚,2283
壺,2284
柵,2285
猜,2286
蹲,2287
掏,2288
梳,2289
樸,2290
澳,2291
玲,2292
紐,2293
綿,2294
郡,2295
鋸,2296
膀,2297
錘,2298
鼠,2299
椅,2300
殷,2301
穴,2302
遮,2303
吵,2304
萍,2305
厭,2306
俱,2307
呂,2308
囊,2309
捧,2310
澄,2311
哎,2312
瞬,2313
閩,2314
雌,2315
饒,2316
哨,2317
滸,2318
俺,2319
茂,2320
蘗,2321
勳,2322
肝,2323
盯,2324
籽,2325
恥,2326
濫,2327
菊,2328
帥,2329
戒,2330
鞭,2331
詢,2332
鎂,2333
宅,2334
淀,2335
烤,2336
賈,2337
跌,2338
笛,2339
蠻,2340
鄂,2341
棍,2342
睜,2343
鷊,2344
云,2345
岌,2346
曆,2347
鼎,2348
侍,2349
嚷,2350
藩,2351
匪,2352
穎,2353
糟,2354
纏,2355
卑,2356
堪,2357
壇,2358
氛,2359
悅,2360
碘,2361
縛,2362
屠,2363
攀,2364
溢,2365
甫,2366
凹,2367
拱,2368
攜,2369
晰,2370
朽,2371
吟,2372
迪,2373
菱,2374
謙,2375
俊,2376
嬸,2377
盼,2378
艘,2379
芒,2380
唇,2381
挫,2382
浴,2383
羞,2384
趁,2385
岳,2386
愚,2387
疼,2388
腫,2389
萎,2390
樞,2391
絞,2392
餵,2393
嫁,2394
慕,2395
茲,2396
艙,2397
蘋,2398
豫,2399
諭,2400
蠶,2401
潘,2402
翁,2403
迭,2404
頃,2405
匠,2406
榜,2407
欠,2408
沾,2409
疇,2410
胃,2411
茬,2412
蹤,2413
哼,2414
弊,2415
桐,2416
歧,2417
沃,2418
潰,2419
鵬,2420
悼,2421
惑,2422
蔗,2423
晒,2424
潭,2425
孢,2426
診,2427
庸,2428
渦,2429
迴,2430
嫌,2431
聰,2432
哦,2433
廚,2434
梭,2435
祁,2436
肆,2437
贈,2438
鉗,2439
龐,2440
崖,2441
醜,2442
籃,2443
并,2444
甸,2445
胖,2446
藻,2447
誇,2448
搗,2449
撕,2450
詔,2451
貞,2452
慈,2453
炕,2454
賜,2455
卓,2456
汛,2457
瓊,2458
鏟,2459
撓,2460
棵,2461
灶,2462
饋,2463
嬰,2464
祭,2465
膚,2466
蒂,2467
衫,2468
侖,2469
傑,2470
勉,2471
瀝,2472
滬,2473
逸,2474
嗓,2475
暈,2476
浦,2477
蜜,2478
膏,2479
艾,2480
贏,2481
兔,2482
孕,2483
憐,2484
扮,2485
蒲,2486
鵝,2487
嚦,2488
挪,2489
淑,2490
謠,2491
廊,2492
懼,2493
緬,2494
俘,2495
咽,2496
驕,2497
宰,2498
陡,2499
僱,2500
峻,2501
惱,2502
腺,2503
誕,2504
夷,2505
愉,2506
獵,2507
魔,2508
喲,2509
扛,2510
葛,2511
蔭,2512
銨,2513
脊,2514
倚,2515
扁,2516
杏,2517
橢,2518
溴,2519
滯,2520
苛,2521
鈔,2522
錳,2523
鑲,2524
捏,2525
斬,2526
氓,2527
傲,2528
僵,2529
匆,2530
屑,2531
燙,2532
衍,2533
郁,2534
鹵,2535
攏,2536
裸,2537
邪,2538
坊,2539
渴,2540
舅,2541
泄,2542
翔,2543
廈,2544
櫃,2545
欽,2546
窖,2547
貓,2548
媒,2549
脾,2550
噪,2551
晝,2552
蛇,2553
耙,2554
耿,2555
曇,2556
秤,2557
粱,2558
糕,2559
衷,2560
販,2561
辰,2562
哇,2563
囑,2564
宦,2565
扔,2566
杉,2567
詐,2568
吁,2569
岡,2570
廓,2571
悔,2572
皂,2573
氰,2574
肴,2575
剎,2576
勺,2577
寓,2578
瑪,2579
矢,2580
垮,2581
淘,2582
瓣,2583
筍,2584
罕,2585
鍾,2586
喇,2587
帕,2588
恭,2589
摔,2590
桉,2591
秉,2592
銘,2593
鬚,2594
齋,2595
儉,2596
叭,2597
帆,2598
瘤,2599
砸,2600
祼,2601
篷,2602
肢,2603
藤,2604
拐,2605
脖,2606
暑,2607
瞪,2608
殲,2609
竿,2610
笙,2611
蘊,2612
酮,2613
嘩,2614
瞎,2615
刃,2616
嵌,2617
楔,2618
紮,2619
藉,2620
喘,2621
廂,2622
撾,2623
枚,2624
粵,2625
咸,2626
拴,2627
爪,2628
甩,2629
膝,2630
懇,2631
腕,2632
娓,2633
屢,2634
熄,2635
錨,2636
噹,2637
忌,2638
愧,2639
丸,2640
圃,2641
榨,2642
荊,2643
騷,2644
屯,2645
毯,2646
蒜,2647
蠋,2648
俯,2649
弗,2650
梢,2651
衙,2652
鹿,2653
扒,2654
灑,2655
轎,2656
啞,2657
壘,2658
諒,2659
賤,2660
踢,2661
棕,2662
泳,2663
泌,2664
渥,2665
滔,2666
銜,2667
餉,2668
吻,2669
擱,2670
梨,2671
櫻,2672
熬,2673
奠,2674
姨,2675
乒,2676
惕,2677
聘,2678
鄆,2679
冀,2680
綁,2681
咖,2682
尉,2683
裹,2684
酥,2685
寡,2686
彥,2687
啡,2688
稠,2689
拼,2690
擅,2691
汝,2692
汰,2693
蚌,2694
鈍,2695
銹,2696
捆,2697
敞,2698
遜,2699
雀,2700
棟,2701
謹,2702
鯉,2703
咳,2704
搏,2705
葫,2706
賄,2707
鱗,2708
占,2709
塌,2710
忉,2711
謊,2712
咋,2713
怖,2714
戊,2715
桔,2716
膩,2717
龜,2718
嘻,2719
墳,2720
禾,2721
坎,2722
拇,2723
摻,2724
煽,2725
獅,2726
寇,2727
梗,2728
鷹,2729
哄,2730
胳,2731
莽,2732
雯,2733
傻,2734
喻,2735
坪,2736
淵,2737
糠,2738
涅,2739
跪,2740
釗,2741
侮,2742
奕,2743
枕,2744
膛,2745
蕊,2746
譬,2747
兌,2748
寥,2749
扼,2750
辮,2751
腥,2752
郝,2753
戍,2754
曬,2755
耦,2756
蹄,2757
鈞,2758
匈,2759
屁,2760
戥,2761
樁,2762
瞿,2763
誦,2764
倦,2765
嶼,2766
抒,2767
涵,2768
袍,2769
釣,2770
嗣,2771
忿,2772
敷,2773
湜,2774
聊,2775
虹,2776
蹈,2777
鹹,2778
嗯,2779
姬,2780
淒,2781
燦,2782
狡,2783
糙,2784
蹬,2785
僧,2786
嗨,2787
栖,2788
笨,2789
辜,2790
枉,2791
翰,2792
茨,2793
諷,2794
呱,2795
岐,2796
嶄,2797
棗,2798
咕,2799
攬,2800
洶,2801
澇,2802
焚,2803
猴,2804
耍,2805
趟,2806
傍,2807
劈,2808
爵,2809
璋,2810
虜,2811
鍍,2812
昔,2813
瞅,2814
踩,2815
迄,2816
鑰,2817
汞,2818
祺,2819
詭,2820
魄,2821
嘲,2822
惶,2823
贓,2824
咐,2825
歉,2826
癌,2827
廬,2828
扳,2829
聶,2830
芡,2831
軀,2832
鄙,2833
擰,2834
煌,2835
襄,2836
貶,2837
隋,2838
佑,2839
寵,2840
懶,2841
栓,2842
滇,2843
炊,2844
謇,2845
憾,2846
裙,2847
贛,2848
駱,2849
兜,2850
孵,2851
曝,2852
泣,2853
猖,2854
痼,2855
盥,2856
絮,2857
韻,2858
噢,2859
曠,2860
洴,2861
盞,2862
眷,2863
茄,2864
暮,2865
榴,2866
淆,2867
濺,2868
煎,2869
琪,2870
鰲,2871
乞,2872
吼,2873
唧,2874
噠,2875
巢,2876
槐,2877
沛,2878
蜇,2879
蜀,2880
賺,2881
陛,2882
冪,2883
咒,2884
堯,2885
捍,2886
昇,2887
鉸,2888
叮,2889
煥,2890
煞,2891
耽,2892
褂,2893
募,2894
揀,2895
搓,2896
淹,2897
釜,2898
鉻,2899
雹,2900
灼,2901
瑰,2902
鄒,2903
鰱,2904
嬌,2905
彰,2906
焉,2907
荐,2908
躬,2909
匙,2910
咯,2911
庶,2912
惹,2913
淪,2914
琳,2915
畔,2916
蛤,2917
鶴,2918
斃,2919
漬,2920
皖,2921
禹,2922
邢,2923
卒,2924
庵,2925
淫,2926
竄,2927
繃,2928
翹,2929
簞,2930
陌,2931
兇,2932
巫,2933
柜,2934
玫,2935
膊,2936
韃,2937
拂,2938
瀾,2939
綏,2940
蕉,2941
贖,2942
雇,2943
囪,2944
寅,2945
稚,2946
縷,2947
賭,2948
躁,2949
鋤,2950
頰,2951
庚,2952
氦,2953
珊,2954
苟,2955
薦,2956
蛭,2957
蛻,2958
酌,2959
魁,2960
撇,2961
朕,2962
燾,2963
蔓,2964
豌,2965
逗,2966
閨,2967
佃,2968
侄,2969
桅,2970
熒,2971
緝,2972
襟,2973
鎳,2974
乍,2975
噯,2976
娶,2977
洒,2978
聳,2979
飪,2980
唸,2981
囂,2982
瀑,2983
痴,2984
筐,2985
裳,2986
靖,2987
靶,2988
韶,2989
崔,2990
繭,2991
蓿,2992
鎔,2993
剿,2994
喃,2995
娥,2996
岔,2997
搪,2998
撮,2999
氘,3000
雍,3001
霖,3002
撰,3003
粥,3004
虫,3005
吱,3006
慷,3007
檐,3008
琦,3009
莉,3010
襪,3011
豹,3012
赦,3013
邑,3014
闢,3015
駿,3016
凳,3017
喧,3018
媚,3019
挾,3020
晤,3021
睹,3022
籲,3023
舵,3024
隘,3025
雁,3026
鰓,3027
俞,3028
嚼,3029
愣,3030
揪,3031
樺,3032
澧,3033
蠢,3034
唆,3035
噶,3036
弛,3037
懈,3038
澗,3039
絹,3040
薪,3041
寞,3042
憎,3043
戎,3044
氈,3045
沼,3046
眨,3047
磺,3048
鈕,3049
鑼,3050
傭,3051
奢,3052
矯,3053
腎,3054
薛,3055
丞,3056
巍,3057
橙,3058
澀,3059
疙,3060
碌,3061
脯,3062
蠅,3063
髓,3064
鮑,3065
厄,3066
嘎,3067
宛,3068
淤,3069
畸,3070
砝,3071
磅,3072
簇,3073
羥,3074
荔,3075
蕾,3076
虐,3077
逾,3078
姊,3079
斧,3080
烙,3081
狄,3082
蚜,3083
喳,3084
垠,3085
帘,3086
斌,3087
棺,3088
瑣,3089
瞞,3090
筏,3091
騾,3092
鴕,3093
囚,3094
惰,3095
昧,3096
殳,3097
爍,3098
祇,3099
窒,3100
僻,3101
啼,3102
坤,3103
婷,3104
怯,3105
晌,3106
楣,3107
鎊,3108
黔,3109
丫,3110
崧,3111
怔,3112
晾,3113
棘,3114
泮,3115
溯,3116
瀉,3117
睦,3118
窺,3119
蜡,3120
陋,3121
吶,3122
噓,3123
墩,3124
悢,3125
蕕,3126
釁,3127
麓,3128
唔,3129
嗜,3130
墜,3131
孰,3132
屜,3133
慾,3134
旭,3135
梆,3136
瑟,3137
眯,3138
臧,3139
菇,3140
饁,3141
剔,3142
寢,3143
峨,3144
炔,3145
熾,3146
琤,3147
瑾,3148
簾,3149
肋,3150
肘,3151
臺,3152
蛹,3153
鞍,3154
鹼,3155
嗅,3156
婿,3157
孜,3158
楞,3159
涯,3160
癢,3161
禎,3162
禪,3163
羨,3164
虱,3165
醞,3166
伎,3167
宵,3168
峭,3169
朴,3170
楓,3171
熹,3172
蚊,3173
蝶,3174
驢,3175
丑,3176
噬,3177
夥,3178
庇,3179
杖,3180
牡,3181
稽,3182
蔚,3183
逞,3184
鞠,3185
餃,3186
馴,3187
吭,3188
栩,3189
犬,3190
皿,3191
硼,3192
竺,3193
羧,3194
訝,3195
詠,3196
訶,3197
鞘,3198
垢,3199
妖,3200
攫,3201
歹,3202
碉,3203
磕,3204
豁,3205
鏵,3206
阮,3207
飀,3208
傀,3209
凰,3210
咧,3211
啤,3212
廙,3213
楷,3214
渤,3215
熏,3216
聾,3217
閔,3218
彝,3219
斂,3220
朔,3221
淌,3222
瞻,3223
禦,3224
綴,3225
緞,3226
軒,3227
併,3228
儡,3229
墮,3230
憓,3231
抨,3232
摯,3233
汀,3234
瀆,3235
稟,3236
筷,3237
蒴,3238
蟹,3239
詫,3240
赳,3241
陀,3242
峒,3243
紉,3244
蕪,3245
謁,3246
券,3247
哉,3248
嗚,3249
扞,3250
漓,3251
碾,3252
禿,3253
茸,3254
蔔,3255
跋,3256
迂,3257
銼,3258
駝,3259
俠,3260
嘿,3261
崎,3262
恫,3263
摹,3264
檬,3265
檸,3266
誅,3267
躅,3268
醚,3269
餡,3270
魅,3271
魑,3272
伺,3273
唾,3274
幢,3275
戔,3276
槳,3277
瑯,3278
穫,3279
箋,3280
苓,3281
茯,3282
謎,3283
鈦,3284
鋰,3285
柿,3286
楠,3287
毓,3288
涕,3289
渭,3290
炯,3291
茵,3292
襖,3293
逛,3294
霄,3295
劾,3296
娛,3297
洽,3298
湝,3299
眶,3300
箍,3301
胥,3302
鈷,3303
鉑,3304
嚙,3305
妝,3306
慚,3307
拈,3308
棠,3309
氬,3310
硒,3311
蓀,3312
蘸,3313
袱,3314
鋇,3315
乖,3316
嘯,3317
奎,3318
娟,3319
巰,3320
帖,3321
彤,3322
戳,3323
滍,3324
禺,3325
籮,3326
紊,3327
羿,3328
芋,3329
裘,3330
諱,3331
謗,3332
尹,3333
渺,3334
澈,3335
箏,3336
篤,3337
簿,3338
鯽,3339
鯨,3340
吆,3341
哺,3342
啃,3343
埠,3344
栗,3345
汾,3346
猾,3347
碩,3348
託,3349
鮒,3350
岑,3351
峙,3352
庤,3353
廖,3354
徘,3355
榆,3356
氡,3357
湍,3358
潺,3359
琢,3360
砧,3361
莎,3362
踱,3363
錮,3364
閻,3365
阜,3366
隧,3367
魷,3368
嘶,3369
妮,3370
捂,3371
毆,3372
汆,3373
筘,3374
苔,3375
刪,3376
喓,3377
圭,3378
捄,3379
殆,3380
熨,3381
眺,3382
睪,3383
侈,3384
侶,3385
垛,3386
恍,3387
湛,3388
甄,3389
稜,3390
羲,3391
翊,3392
芹,3393
鉬,3394
匿,3395
恃,3396
戩,3397
殃,3398
毋,3399
灤,3400
狐,3401
竣,3402
舜,3403
荀,3404
訣,3405
諄,3406
餞,3407
鬱,3408
剁,3409
叩,3410
婉,3411
憩,3412
朦,3413
樟,3414
氚,3415
淬,3416
窟,3417
詹,3418
亨,3419
咚,3420
嗽,3421
圜,3422
壑,3423
崽,3424
滄,3425
澡,3426
痢,3427
癱,3428
碟,3429
葵,3430
覓,3431
逶,3432
靴,3433
頹,3434
飴,3435
駭,3436
嘰,3437
嚨,3438
廿,3439
朧,3440
沁,3441
焯,3442
翩,3443
腮,3444
膿,3445
薇,3446
蝸,3447
褘,3448
觜,3449
誹,3450
邱,3451
馱,3452
驛,3453
埂,3454
奄,3455
彙,3456
怡,3457
椰,3458
浚,3459
焙,3460
猩,3461
痒,3462
礬,3463
絢,3464
耑,3465
膳,3466
褥,3467
褶,3468
諫,3469
鍔,3470
鏽,3471
颱,3472
匝,3473
呃,3474
嵐,3475
廁,3476
彬,3477
恣,3478
戮,3479
撼,3480
椿,3481
樊,3482
沂,3483
淳,3484
狽,3485
竅,3486
綽,3487
褙,3488
蹦,3489
髯,3490
卉,3491
幀,3492
瑛,3493
綺,3494
菩,3495
萱,3496
闓,3497
呻,3498
堰,3499
妓,3500
娣,3501
嬉,3502
徭,3503
掂,3504
揩,3505
擒,3506
攘,3507
檻,3508
莢,3509
蚓,3510
蚯,3511
趾,3512
酐,3513
銻,3514
頲,3515
飢,3516
龔,3517
兢,3518
嘔,3319
夭,3520
摟,3521
斟,3522
曙,3523
札,3524
枷,3525
殯,3526
祀,3527
穜,3528
粕,3529
苞,3530
菠,3531
蝴,3532
螞,3533
蠕,3534
褪,3535
詒,3536
踽,3537
鍊,3538
鎢,3539
閹,3540
饅,3541
髡,3542
魴,3543
冉,3544
冥,3545
妾,3546
尬,3547
尷,3548
惺,3549
捎,3550
攙,3551
櫥,3552
泗,3553
疵,3554
祈,3555
葦,3556
謚,3557
佣,3558
倔,3559
孚,3560
幌,3561
恕,3562
撬,3563
榕,3564
洼,3565
浬,3566
浥,3567
礫,3568
穢,3569
窿,3570
襠,3571
凜,3572
厥,3573
吩,3574
壕,3575
拷,3576
璇,3577
祠,3578
祚,3579
荸,3580
詛,3581
賂,3582
佼,3583
叨,3584
懾,3585
揣,3586
暇,3587
湃,3588
牟,3589
磋,3590
粟,3591
糜,3592
羈,3593
肱,3594
踶,3595
迤,3596
鵑,3597
嫉,3598
嬤,3599
悍,3600
撩,3601
晦,3602
烽,3603
矸,3604
碲,3605
箕,3606
肇,3607
臻,3608
訾,3609
踞,3610
颳,3611
俟,3612
匣,3613
嗦,3614
嘀,3615
嘈,3616
屎,3617
帷,3618
忱,3619
捶,3620
槭,3621
洩,3622
涌,3623
漪,3624
獗,3625
琉,3626
瑚,3627
瘠,3628
笈,3629
虞,3630
輾,3631
轆,3632
餚,3633
嗡,3634
垣,3635
婢,3636
嶇,3637
拙,3638
杲,3639
汕,3640
潼,3641
瀕,3642
瘟,3643
禧,3644
綾,3645
苑,3646
藹,3647
蛙,3648
譏,3649
軻,3650
輒,3651
迸,3652
酏,3653
靡,3654
鴿,3655
凋,3656
坳,3657
墟,3658
恝,3659
缽,3660
舖,3661
范,3662
茉,3663
遏,3664
闕,3665
鰭,3666
咪,3667
嗶,3668
娜,3669
嫻,3670
憋,3671
拯,3672
柑,3673
檀,3674
氖,3675
淩,3676
漕,3677
澎,3678
炬,3679
瘩,3680
砉,3681
耆,3682
腌,3683
蟻,3684
詆,3685
諺,3686
軹,3687
鍥,3688
閏,3689
馨,3690
冕,3691
劓,3692
复,3693
峪,3694
帚,3695
弼,3696
拭,3697
瀋,3698
禱,3699
筵,3700
羹,3701
薔,3702
裔,3703
軛,3704
奚,3705
弘,3706
楦,3707
檽,3708
甥,3709
瘡,3710
簸,3711
絆,3712
綻,3713
蜓,3714
諜,3715
躊,3716
迥,3717
銑,3718
伽,3719
婪,3720
恤,3721
棧,3722
汲,3723
炖,3724
甭,3725
窘,3726
芻,3727
蕃,3728
覲,3729
輜,3730
酋,3731
飭,3732
驥,3733
骼,3734
佇,3735
倪,3736
刁,3737
卣,3738
哮,3739
垃,3740
嫣,3741
懿,3742
沭,3743
瞥,3744
籬,3745
縐,3746
萋,3747
菡,3748
蚵,3749
鐳,3750
霎,3751
侉,3752
俾,3753
匾,3754
咀,3755
嘟,3756
噗,3757
圾,3758
嫡,3759
忡,3760
悸,3761
愷,3762
懊,3763
檄,3764
洄,3765
猿,3766
畿,3767
疤,3768
皚,3769
祆,3770
耘,3771
茗,3772
蜿,3773
誡,3774
謨,3775
轂,3776
頤,3777
佘,3778
俏,3779
夔,3780
妒,3781
妞,3782
巔,3783
懋,3784
攢,3785
梧,3786
樀,3787
汶,3788
矽,3789
窪,3790
篝,3791
繚,3792
荃,3793
蠹,3794
踉,3795
遁,3796
銬,3797
鎌,3798
鐮,3799
鬢,3800
鰻,3801
嗒,3802
嚕,3803
夸,3804
屹,3805
怠,3806
斡,3807
楨,3808
瀟,3809
瑤,3810
瞄,3811
舷,3812
芭,3813
蘑,3814
蛛,3815
酪,3816
鎬,3817
隴,3818
僥,3819
匕,3820
啪,3821
夯,3822
尸,3823
崆,3824
帛,3825
徊,3826
悒,3827
愕,3828
憨,3829
曳,3830
槓,3831
淇,3832
痹,3833
竇,3834
訥,3835
贄,3836
躇,3837
迦,3838
遽,3839
魛,3840
卅,3841
囤,3842
嬴,3843
焓,3844
煸,3845
燮,3846
瑩,3847
砰,3848
秸,3849
箐,3850
翟,3851
胭,3852
舀,3853
舐,3854
葆,3855
蛟,3856
跐,3857
踴,3858
雉,3859
黯,3860
哆,3861
弁,3862
弋,3863
彷,3864
悵,3865
檜,3866
涇,3867
渝,3868
漱,3869
灝,3870
瘓,3871
箔,3872
芙,3873
芥,3874
螢,3875
觥,3876
顱,3877
嗆,3878
嘖,3879
孽,3880
弈,3881
惋,3882
惦,3883
淞,3884
漩,3885
犀,3886
珮,3887
眩,3888
簍,3889
繽,3890
腋,3891
腑,3892
萃,3893
袒,3894
隅,3895
韭,3896
髖,3897
黝,3898
劊,3899
吠,3900
嘮,3901
惴,3902
攆,3903
斛,3904
暉,3905
毗,3906
渲,3907
溮,3908
炙,3909
燎,3910
瓘,3911
矗,3912
稷,3913
筠,3914
粽,3915
翬,3916
臆,3917
茁,3918
茴,3919
菴,3920
蒿,3921
貽,3922
蹠,3923
酉,3924
黍,3925
仕,3926
伶,3927
卯,3928
唬,3929
噫,3930
巒,3931
彊,3932
慟,3933
曨,3934
橄,3935
檯,3936
殉,3937
沅,3938
溥,3939
漾,3940
畦,3941
癟,3942
眈,3943
磊,3944
繹,3945
胱,3946
蟈,3947
跺,3948
鍬,3949
鐺,3950
馭,3951
黷,3952
么,3953
佯,3954
剃,3955
剄,3956
咆,3957
懦,3958
懨,3959
揌,3960
撿,3961
梓,3962
涂,3963
漉,3964
濘,3965
濛,3966
瀏,3967
痞,3968
盅,3969
簦,3970
纂,3971
虔,3972
諢,3973
驀,3974
倭,3975
冼,3976
几,3977
圩,3978
壬,3979
拽,3980
掐,3981
昶,3982
榷,3983
溺,3984
濂,3985
猥,3986
砷,3987
罃,6988
薊,3989
蟆,3990
蠡,3991
贅,3992
躑,3993
鉅,3994
佬,3995
兀,3996
嘹,3997
塾,3998
奐,3999
戟,4000
掣,4001
擎,4002
棻,4003
樵,4004
漚,4005
灸,4006
煨,4007
盔,4008
矇,4009
碴,4010
繕,4011
臀,4012
芊,4013
芸,4014
荼,4015
藕,4016
褒,4017
覃,4018
覬,4019
跼,4020
蹂,4021
蹭,4022
逍,4023
鍺,4024
鍘,4025
鐐,4026
骸,4027
鰾,4028
亢,4029
吮,4030
廄,4031
廝,4032
徇,4033
憊,4034
搔,4035
擄,4036
擂,4037
涸,4038
狩,4039
瓢,4040
甦,4041
窨,4042
菖,4043
酣,4044
銫,4045
鐲,4046
髦,4047
仝,4048
嘍,4049
恬,4050
恿,4051
憧,4052
憖,4053
捺,4054
撂,4055
撻,4056
瀚,4057
灩,4058
瑋,4059
璞,4060
甬,4061
瘀,4062
睫,4063
瞟,4064
砑,4065
縊,4066
菁,4067
蓑,4068
藐,4069
詼,4070
鉦,4071
鐸,4072
鑊,4073
闌,4074
霹,4075
髫,4076
倌,4077
匡,4078
咎,4079
唁,4080
哧,4081
塈,4082
姥,4083
孥,4084
寔,4085
崛,4086
惘,4087
掇,4088
沱,4089
淙,4090
渙,4091
盎,4092
睬,4093
肄,4094
裴,4095
裱,4096
詣,4097
赭,4098
酈,4099
錚,4100
黥,4101
偕,4102
冗,4103
卦,4104
哽,4105
啄,4106
嗩,4107
坩,4108
塹,4109
寰,4110
扦,4111
挎,4112
捋,4113
杞,4114
桁,4115
沐,4116
澮,4117
燁,4118
瑜,4119
瘁,4120
硯,4121
笠,4122
笞,4123
簫,4124
紂,4125
翡,4126
脛,4127
苕,4128
萼,4129
豉,4130
雰,4131
鞅,4132
鬃,4133
鴇,4134
黜,4135
兮,4136
咄,4137
墅,4138
憫,4139
掄,4140
椎,4141
橘,4142
淄,4143
澦,4144
痙,4145
磧,4146
穄,4147
薌,4148
蛀,4149
蝗,4150
誨,4151
趴,4152
躡,4153
迢,4154
酗,4155
釩,4156
霆,4157
靛,4158
餑,4159
駙,4160
鵲,4161
亙,4162
儼,4163
匍,4164
媛,4165
幔,4166
徨,4167
慫,4168
憬,4169
拗,4170
暨,4171
曦,4172
桎,4173
榔,4174
榻,4175
沽,4176
瀘,4177
狸,4178
琵,4179
琶,4180
瘍,4181
皋,4182
篙,4183
粼,4184
絳,4185
纍,4186
翎,4187
舔,4188
莠,4189
蛾,4190
衢,4191
裊,4192
貰,4193
轍,4194
鎵,4195
鑷,4196
阡,4197
韁,4198
饃,4199
骯,4200
齎,4201
丐,4202
俸,4203
嚀,4204
扈,4205
拮,4206
掖,4207
搾,4208
晏,4209
暹,4210
棣,4211
獰,4212
痰,4213
砩,4214
秫,4215
笆,4216
籤,4217
羌,4218
蔫,4219
蘩,4220
蟒,4221
蟬,4222
訕,4223
贍,4224
郛,4225
醪,4226
饞,4227
鯕,4228
鵪,4229
剡,4230
叼,4231
咦,4232
唄,4233
唑,4234
坍,4235
塢,4236
姽,4237
彗,4238
怦,4239
懣,4240
抿,4241
攣,4242
杈,4243
棲,4244
淅,4245
瑙,4246
癖,4247
縈,4248
臃,4249
訛,4250
諦,4251
邃,4252
陂,4253
靳,4254
鶯,4255
伈,4256
僨,4257
卌,4258
啁,4259
姍,4260
婁,4261
崑,4262
嵊,4263
惚,4264
揖,4265
撟,4266
棨,4267
氪,4268
沘,4269
湫,4270
滎,4271
燜,4272
猞,4273
疣,4274
癮,4275
皦,4276
紜,4277
纓,4278
聆,4279
腆,4280
臍,4281
苧,4282
蜚,4283
賡,4284
醴,4285
鉚,4286
霓,4287
霏,4288
馥,4289
麂,4290
俐,4291
倩,4292
倖,4293
嚐,4294
囡,4295
寐,4296
巳,4297
憚,4298
揍,4299
櫓,4300
泠,4301
滀,4302
濰,4303
瀌,4304
燧,4305
甓,4306
瞌,4307
矚,4308
箅,4309
翌,4310
莧,4311
蕎,4312
袞,4313
褚,4314
貲,4315
踝,4316
踵,4317
鈺,4318
霰,4319
韜,4320
鰣,4321
鳩,4322
鷗,4323
麈,4324
鼾,4325
搳,4326
擻,4327
敕,4328
枸,4329
櫛,4330
涫,4331
湄,4332
溧,4333
潷,4334
瑒,4335
癩,4336
篾,4337
繄,4338
膘,4339
膺,4340
蠍,4341
貉,4342
轢,4343
鄱,4344
頎,4345
餒,4346
騁,4347
侃,4348
噎,4349
嬋,4350
屐,4351
悝,4352
掰,4353
攥,4354
晛,4355
桓,4356
槌,4357
檳,4358
沏,4359
漣,4360
燴,4361
璆,4362
瓮,4363
疚,4364
疸,4365
癭,4366
皎,4367
眸,4368
礪,4369
繆,4370
芫,4371
茹,4372
葷,4373
蒔,4374
蜘,4375
蜷,4376
蝟,4377
襌,4378
觴,4379
遐,4380
邛,4381
鄺,4382
釔,4383
銓,4384
靂,4385
顎,4386
駒,4387
鯪,4388
鷲,4389
仞,4390
儆,4391
冽,4392
剌,4393
嗟,4394
嗤,4395
嗔,4396
嘜,4397
惊,4398
愫,4399
攸,4400
敝,4401
斐,4402
旻,4403
桀,4404
楫,4405
櫚,4406
汐,4407
沄,4408
涎,4409
滕,4410
牘,4411
犢,4412
玁,4413
珩,4414
琛,4415
瓤,4416
祗,4417
稞,4418
糶,4419
紈,4420
繅,4421
翦,4422
翯,4423
胰,4424
蒺,4425
蚣,4426
蚕,4427
蝙,4428
褻,4429
蹩,4430
陲,4431
靦,4432
黛,4433
冑,4434
剞,4435
剟,4436
咂,4437
喔,4438
喙,4439
噩,4440
娼,4441
庾,4442
忸,4443
悚,4444
悻,4445
憮,4446
挹,4447
掬,4448
摳,4449
晁,4450
梔,4451
梟,4452
汴,4453
湉,4454
炫,4455
甌,4456
畋,4457
磐,4458
纔,4459
胛,4460
臊,4461
薺,4462
蛆,4463
蜈,4464
註,4465
諉,4466
豺,4467
蹜,4468
轤,4469
郴,4470
鐠,4471
閂,4472
餔,4473
齶,4474
剚,4475
咫,4476
嗷,4477
娑,4478
幠,4479
扉,4480
摒,4481
汩,4482
洵,4483
涓,4484
湋,4485
潓,4486
瀛,4487
焱,4488
瞑,4489
硌,4490
磴,4491
綌,4492
緋,4493
芍,4494
萵,4495
蕙,4496
蠔,4497
蠱,4498
豢,4499
貂,4500
轅,4501
鈐,4502
閡,4503
驤,4504
佗,4505
傣,4506
勰,4507
吒,4508
吝,4509
呸,4510
啣,4511
啾,4512
噙,4513
嚶,4514
岱,4515
嵇,4516
忖,4517
昵,4518
沌,4519
淶,4520
漳,4521
燼,4522
爰,4523
璨,4524
痊,4525
皓,4526
瞰,4527
碫,4528
祉,4529
穀,4530
窅,4531
粳,4532
縹,4533
聿,4534
臼,4535
蚤,4536
蜥,4537
衽,4538
詁,4539
誥,4540
郫,4541
釙,4542
鉞,4543
閭,4544
黟,4545
鼴,4546
佚,4547
俳,4548
匐,4549
嗐,4550
孺,4551
愴,4552
拎,4553
抻,4554
斝,4555
杵,4556
櫟,4557
泱,4558
砒,4559
秕,4560
簃,4561
紝,4562
茭,4563
蒐,4564
藺,4565
謳,4566
讒,4567
蹙,4568
躪,4569
邸,4570
郾,4571
鄲,4572
醣,4573
鏗,4574
闞,4575
頜,4576
鱉,4577
鱒,4578
亶,4579
偎,4580
偁,4581
剷,4582
唷,4583
喟,4584
嚎,4585
媲,4586
宸,4587
撅,4588
榭,4589
歙,4590
沮,4591
沓,4592
浠,4593
渚,4594
潦,4595
澼,4596
熤,4597
燻,4598
猝,4599
玓,4600
珂,4601
璀,4602
瓏,4603
畈,4604
瘧,4605
瘢,4606
癸,4607
礡,4608
祜,4609
祟,4610
絀,4611
繇,4612
罔,4613
胯,4614
芷,4615
茜,4616
蓖,4617
軾,4618
邯,4619
釷,4620
銖,4621
鋯,4622
鍶,4623
鎧,4624
鑠,4625
闔,4626
鞁,4627
韞,4628
頷,4629
饌,4630
鯰,4631
鴛,4632
鼕,4633
伕,4634
倜,4635
僂,4636
匱,4637
喋,4638
喑,4639
噥,4640
囔,4641
圳,4642
圪,4643
奘,4644
妊,4645
媾,4646
嵎,4647
弩,4648
恙,4649
悴,4650
惆,4651
愬,4652
慥,4653
憔,4654
戡,4655
拊,4656
掾,4657
搐,4658
撙,4659
杳,4660
柞,4661
泓,4662
涮,4663
淖,4664
滓,4665
滁,4666
瓚,4667
痺,4668
盂,4669
眚,4670
矜,4671
碔,4672
穌,4673
簌,4674
緱,4675
羔,4676
膂,4677
膾,4678
膻,4679
藜,4680
蟿,4681
襤,4682
鋏,4683
鏢,4684
鑕,4685
鑫,4686
钁,4687
隍,4688
隈,4689
靄,4690
靼,4691
飩,4692
餛,4693
鬣,4694
亳,4695
伢,4696
侏,4697
凊,4698
刈,4699
吋,4700
坨,4701
塽,4702
婺,4703
岬,4704
嵬,4705
嶝,4706
忞,4707
悖,4708
扊,4709
揆,4710
揶,4711
揅,4712
撣,4713
曷,4714
榛,4715
樨,4716
洎,4717
涪,4718
溘,4719
犍,4720
猙,4721
瑕,4722
甑,4723
瘴,4724
癙,4725
皴,4726
瞳,4727
碣,4728
禨,4729
篦,4730
糌,4731
綦,4732
耷,4733
肛,4734
螃,4735
裨,4736
裾,4737
襏,4738
蹋,4739
蹌,4740
蹶,4741
輟,4742
逕,4743
郟,4744
酊,4745
鈁,4746
銥,4747
銣,4748
鑾,4749
鞿,4750
騫,4751
鯊,4752
鯔,4753
鸕,4754
鸞,4755
亓,4756
仡,4757
俅,4758
僦,4759
呷,4760
喱,4761
嗇,4762
嘧,4763
噤,4764
夙,4765
娠,4766
婧,4767
嫵,4768
幛,4769
恚,4770
揄,4771
枋,4772
栻,4773
殫,4774
氙,4775
汏,4776
洱,4777
潢,4778
潞,4779
煦,4780
煒,4781
璽,4782
癆,4783
睎,4784
砥,4785
祛,4786
窠,4787
簪,4788
緘,4789
緲,4790
縞,4791
翽,4792
荳,4793
薅,4794
薹,4795
蘄,4796
蜮,4797
詎,4798
謾,4799
賃,4800
賒,4801
蹉,4802
遒,4803
鈀,4804
鉍,4805
鏘,4806
鐃,4807
鑞,4808
闋,4809
阱,4810
隄,4811
鯗,4812
鱖,4813
鱧,4814
鳧,4815
鵠,4816
鶻,4817
俚,4818
俁,4819
俛,4820
偃,4821
倏,4822
僬,4823
冢,4824
厔,4825
嗖,4826
嘁,4827
噘,4828
圻,4829
婞,4830
嫦,4831
孑,4832
岷,4833
嵒,4834
嶙,4835
弭,4836
戢,4837
抉,4838
挈,4839
捫,4840
昊,4841
梵,4842
棬,4843
楹,4844
椴,4845
泯,4846
湮,4847
溏,4848
熵,4849
燿,4850
爔,4851
牒,4852
狒,4853
猗,4854
獷,4855
珀,4856
盩,4857
瞇,4858
祲,4859
禕,4860
稗,4861
穹,4862
笥,4863
纘,4864
羚,4865
腱,4866
莞,4867
葭,4868
薿,4869
蝠,4870
螟,4871
褸,4872
覷,4873
訄,4874
訑,4875
訢,4876
詰,4877
諛,4878
謅,4879
踹,4880
蹚,4881
蹺,4882
軼,4883
郇,4884
醺,4885
鈹,4886
鎘,4887
隕,4888
霈,4889
頊,4890
駢,4891
駸,4892
鬻,4893
鳲,4894
鴝,4895
鷂,4896
亟,4897
侗,4898
俑,4899
兗,4900
剜,4901
勦,4902
叱,4903
哿,4904
喏,4905
婕,4906
屙,4907
巽,4908
恪,4909
愜,4910
懺,4911
掱,4912
攄,4913
敖,4914
晢,4915
榤,4916
毽,4917
洮,4918
煜,4919
犄,4920
狉,4921
猷,4922
玷,4923
琥,4924
琰,4925
璘,4926
疽,4927
痱,4928
癲,4929
盪,4930
篆,4931
綷,4932
綹,4933
緙,4934
翱,4935
腴,4936
莆,4937
蓂,4938
螣,4939
謐,4940
謫,4941
贐,4942
趿,4943
郅,4944
郢,4945
鄜,4946
鄴,4947
醵,4948
錕,4949
鏤,4950
隤,4951
雋,4952
颯,4953
鴦,4954
鵷,4955
鶵,4956
鸚,4957
鼯,4958
俵,4959
傖,4960
儷,4961
冱,4962
呶,4963
咿,4964
啖,4965
啷,4966
嘌,4967
圄,4968
堊,4969
壹,4970
夤,4971
奭,4972
奼,4973
娩,4974
娌,4975
嫚,4976
峴,4977
彿,4978
忻,4979
怏,4980
怹,4981
捯,4982
搡,4983
梩,4984
椽,4985
歆,4986
毖,4987
氐,4988
泜,4989
浹,4990
濯,4991
玖,4992
璜,4993
睨,4994
睽,4995
碁,4996
秭,4997
稹,4998
筌,4999
箸,5000
簟,5001
粲,5002
紆,5003
絜,5004
綬,5005
舂,5006
艄,5007
菽,5008
蓍,5009
蓼,5010
蘚,5011
螂,5012
蟋,5013
蠣,5014
衋,5015
諤,5016
趄,5017
逋,5018
酹,5019
醱,5020
鈽,5021
陟,5022
霾,5023
鞣,5024
鯡,5025
鱸,5026
鷺,5027
麒,5028
齷,5029
龕,5030
仃,5031
佝,5032
叵,5033
啜,5034
啻,5035
嗌,5036
嚏,5037
嚓,5038
嚆,5039
囝,5040
垽,5041
妍,5042
孛,5043
孿,5044
宓,5045
宕,5046
寮,5047
嶮,5048
忒,5049
怵,5050
惻,5051
惲,5052
慄,5053
揳,5054
擢,5055
旌,5056
旎,5057
暄,5058
梜,5059
槁,5060
橛,5061
櫧,5062
沚,5063
牚,5064
狎,5065
玦,5066
琬,5067
畚,5068
痘,5069
瞼,5070
砣,5071
硜,5072
竽,5073
筲,5074
箴,5075
篱,5076
籟,5077
紓,5078
縝,5079
羰,5080
耩,5081
芮,5082
荏,5083
茳,5084
葺,5085
蒞,5086
蕈,5087
蜎,5088
蜻,5089
蝤,5090
蝮,5091
蟀,5092
褓,5093
諳,5094
謔,5095
豇,5096
貳,5097
跚,5098
踮,5099
躕,5100
邇,5101
鄣,5102
鋦,5103
閾,5104
顴,5105
颼,5106
髀,5107
髻,5108
鬈,5109
鮫,5110
鯛,5111
鰷,5112
麝,5113
黿,5114
鼐,5115
鼷,5116
齲,5117
丌,5118
乂,5119
仄,5120
仨,5121
佶,5122
俎,5123
倣,5124
剮,5125
哅,5126
唰,5127
嚚,5128
塥,5129
姒,5130
姦,5131
嬪,5132
孀,5133
嶽,5134
徠,5135
戾,5136
掎,5137
摜,5138
攛,5139
椏,5140
樾,5141
檁,5142
歟,5143
氄,5144
涔,5145
浣,5146
溦,5147
潯,5148
濡,5149
瀍,5150
煇,5151
煲,5152
牠,5153
牯,5154
犖,5155
瑭,5156
痂,5157
痣,5158
盹,5159
硎,5160
磎,5161
磬,5162
穨,5163
笭,5164
笸,5165
筧,5166
筱,5167
緶,5168
耬,5169
胤,5170
舫,5171
蔾,5172
薰,5173
蛐,5174
蟠,5175
袼,5176
觺,5177
詡,5178
諍,5179
蹊,5180
蹣,5181
躋,5182
逖,5183
錒,5184
鑱,5185
霨,5186
颶,5187
颸,5188
馗,5189
鮆,5190
鯀,5191
鰹,5192
鱔,5193
鷦,5194
齮,5195
佤,5196
佻,5197
倢,5198
偈,5199
僭,5200
剕,5201
呎,5202
咻,5203
咭,5204
嗥,5205
嗊,5206
嗄,5207
嚲,5208
垌,5209
壅,5210
壚,5211
妯,5212
宬,5213
崍,5214
崦,5215
庠,5216
廛,5217
廩,5218
忣,5219
惇,5220
愊,5221
戛,5222
搽,5223
擘,5224
擯,5225
曖,5226
杓,5227
柩,5228
柚,5229
柘,5230
楮,5231
楂,5232
槤,5233
橐,5234
淼,5235
溽,5236
漯,5237
漭,5238
潏,5239
濜,5240
烝,5241
爿,5242
玀,5243
皈,5244
眄,5245
磯,5246
礄,5247
稔,5248
糴,5249
緡,5250
縉,5251
縚,5252
耔,5253
胔,5254
苫,5255
菂,5256
薈,5257
藎,5258
蛄,5259
蛔,5260
螻,5261
蟄,5262
袤,5263
訃,5264
豕,5265
貤,5266
賁,5267
輓,5268
轇,5269
遛,5270
遴,5271
鄖,5272
鈸,5273
鉉,5274
銃,5275
鑭,5276
閶,5277
闇,5278
頡,5279
頦,5280
駟,5281
驪,5282
骫,5283
髧,5284
髭,5285
鮭,5286
鮞,5287
鰩,5288
鱷,5289
鳶,5290
麾,5291
丕,5292
偌,5293
啕,5294
啐,5295
喁,5296
嘵,5297
囿,5298
圉,5299
埭,5300
墁,5301
婀,5302
嶂,5303
帑,5304
帩,5305
幡,5306
忑,5307
怛,5308
慍,5309
愾,5310
懵,5311
搆,5312
撳,5313
斠,5314
柃,5315
栲,5316
栒,5317
梮,5318
楸,5319
涿,5320
湟,5321
滂,5322
潸,5323
灄,5324
炆,5325
焗,5326
珙,5327
瑀,5328
瓿,5329
痔,5330
痍,5331
睏,5332
睢,5333
睿,5334
瞠,5335
碚,5336
磔,5337
礱,5338
竦,5339
笊,5340
箜,5341
篋,5342
篘,5343
粔,5344
紺,5345
緇,5346
綝,5347
縵,5348
罈,5349
罦,5350
羑,5351
翮,5352
脩,5353
舲,5354
艚,5355
芣,5356
芼,5357
苡,5358
莓,5359
堇,5360
葑,5361
蓽,5362
藪,5363
蘢,5364
藿,5365
蜉,5366
蟓,5367
蟾,5368
蟶,5369
蠲,5370
裲,5371
訌,5372
訏,5373
蹴,5374
躉,5375
軫,5376
逵,5377
鄠,5378
鈮,5379
鏜,5380
鏖,5381
鐫,5382
閆,5383
雝,5384
霽,5385
靚,5386
顒,5387
鯤,5388
鰨,5389
鰼,5390
鱘,5391
鼙,5392
齜,5393
仳,5394
伾,5395
俶,5396
傒,5397
僮,5398
儂,5399
儴,5400
刖,5401
剴,5402
剽,5403
匋,5404
卞,5405
嗑,5406
噀,5407
囫,5408
垸,5409
堠,5410
姘,5411
姣,5412
婭,5413
孬,5414
孱,5415
崴,5416
嵋,5417
嶸,5418
弒,5419
忪,5420
忐,5421
慼,5422
抈,5423
挶,5424
掽,5425
掮,5426
撏,5427
斕,5428
旐,5429
昳,5430
朮,5431
柢,5432
枵,5433
梲,5434
楝,5435
榫,5436
橇,5437
檣,5438
欷,5439
殄,5440
殮,5441
汊,5442
泅,5443
洹,5444
浡,5445
浯,5446
淯,5447
浞,5448
溟,5449
潲,5450
濮,5451
煬,5452
犒,5453
獍,5454
獾,5455
玳,5456
珌,5457
璐,5458
町,5459
畬,5460
疢,5461
痧,5462
癇,5463
皙,5464
皭,5465
睒,5466
睚,5467
瞽,5468
秈,5469
秣,5470
穊,5471
窈,5472
窕,5473
籐,5474
糲,5475
紵,5476
綑,5477
繾,5478
耒,5479
脰,5480
腒,5481
膈,5482
臚,5483
臾,5484
艤,5485
荑,5486
荇,5487
菹,5488
萏,5489
葚,5490
蓓,5491
蔻,5492
薏,5493
蚱,5494
蜃,5495
蝌,5496
蝜,5497
螫,5498
蟥,5499
裼,5500
覿,5501
誆,5502
誑,5503
諂,5504
讕,5505
讞,5506
豳,5507
豸,5508
趵,5509
跎,5510
跛,5511
踫,5512
踟,5513
軔,5514
軑,5515
輦,5516
轗,5517
逅,5518
郯,5519
鄘,5520
銪,5521
閬,5522
靰,5523
顓,5524
餳,5525
駘,5526
騤,5527
驍,5528
髏,5529
髑,5530
鮐,5531
鱺,5532
黠,5533
鼫,5534
龠,5535
仉,5536
佉,5537
佟,5538
侂,5539
倀,5540
僉,5541
僖,5542
儈,5543
儋,5544
刎,5545
勍,5546
厝,5547
叻,5548
啵,5549
嗉,5550
噲,5551
嚅,5552
嚳,5553
囁,5554
囹,5555
垞,5556
堞,5557
塋,5558
墬,5559
媵,5560
嫠,5561
孳,5562
宥,5563
尕,5564
峋,5565
崢,5566
嶓,5567
幃,5568
忤,5569
恂,5570
慇,5571
懍,5572
戇,5573
戕,5574
抃,5575
挂,5576
捽,5577
摠,5578
斿,5579
旮,5580
暌,5581
暠,5582
杼,5583
杻,5584
柺,5585
桼,5586
椑,5587
槃,5588
榰,5589
榍,5590
榿,5591
榥,5592
橦,5593
檉,5594
櫂,5595
欞,5596
氂,5597
氅,5598
氆,5599
汙,5600
泃,5601
洺,5602
涊,5603
淝,5604
淴,5605
湎,5606
渢,5607
濉,5608
瀨,5609
烜,5610
牖,5611
牴,5612
狙,5613
狷,5614
獺,5615
玠,5616
珣,5617
琯,5618
琨,5619
琖,5620
璣,5621
璪,5622
疋,5623
疌,5624
疝,5625
痳,5626
瘌,5627
瘸,5628
癰,5629
瞵,5630
矬,5631
稃,5632
稙,5633
笢,5634
箬,5635
簋,5636
篳,5637
糨,5638
紇,5639
絖,5640
綰,5641
綪,5642
緗,5643
纈,5644
罄,5645
翕,5646
耖,5647
肓,5648
腓,5649
臏,5650
苒,5651
莒,5652
莨,5653
莪,5654
菰,5655
蕻,5656
虢,5657
蚍,5658
蛉,5659
蛺,5660
袂,5661
袗,5662
袈,5663
裟,5664
覂,5665
覦,5666
訐,5667
謖,5668
讖,5669
趲,5670
跖,5671
踅,5672
蹁,5673
蹓,5674
蹢,5675
蹼,5676
遑,5677
邈,5678
邕,5679
釃,5680
釅,5681
銍,5682
銦,5683
錞,5684
鎰,5685
鎦,5686
鏌,5687
鐓,5688
鐙,5689
陔,5690
雒,5691
靽,5692
韍,5693
顳,5694
餈,5695
餕,5696
餬,5697
騏,5698
骷,5699
鬲,5700
魆,5701
鯧,5702
鰍,5703
鰶,5704
佞,5705
傴,5706
儵,5707
勣,5708
厂,5709
唏,5710
喤,5711
嗲,5712
囀,5713
囈,5714
囉,5715
埴,5716
埡,5717
埼,5718
堝,5719
堙,5720
塒,5721
墈,5722
壙,5723
姞,5724
嬈,5725
宧,5726
岫,5727
帙,5728
幄,5729
庖,5730
彘,5731
徉,5732
怊,5733
悌,5734
悽,5735
愆,5736
慵,5737
戽,5738
扑,5739
摁,5740
摺,5741
摽,5742
擷,5743
擼,5744
攖,5745
敓,5746
桴,5747
梏,5748
梖,5749
棪,5750
椐,5751
椹,5752
欒,5753
歎,5754
殞,5755
沆,5756
沔,5757
泔,5758
洳,5759
洚,5760
洇,5761
溈,5762
澉,5763
澴,5764
瀦,5765
瀲,5766
灊,5767
炱,5768
焜,5769
燏,5770
犰,5771
獬,5772
珞,5773
璟,5774
璦,5775
璵,5776
瓖,5777
甪,5778
畎,5779
瘊,5780
盍,5781
矓,5782
硤,5783
礧,5784
窳,5785
笱,5786
篁,5787
糅,5788
糗,5789
縑,5790
縻,5791
羯,5792
羸,5793
腧,5794
臑,5795
舋,5796
舢,5797
舡,5798
舸,5799
艴,5800
苣,5801
茱,5802
茞,5803
莙,5804
菟,5805
葩,5806
蓴,5807
蕺,5808
蘘,5809
蘼,5810
蝻,5811
褊,5812
褫,5813
褡,5814
襆,5815
覡,5816
訖,5817
詮,5818
詬,5819
謄,5820
譆,5821
豚,5822
賚,5823
赧,5824
趔,5825
跕,5826
蹍,5827
蹇,5828
躚,5829
躥,5830
迺,5831
邂,5832
郃,5833
郕,5834
郜,5835
酃,5836
醢,5837
釤,5838
鈑,5839
鈧,5840
錸,5841
錁,5842
鍇,5843
鐒,5844
闈,5845
闒,5846
阽,5847
陘,5848
隗,5849
靺,5850
鞦,5851
韙,5852
餿,5853
騖,5854
驊,5855
髳,5856
魨,5857
鵜,5858
鶚,5859
鶩,5860
麇,5861
齟,5862
伉,5863
佰,5864
倥,5865
偊,5866
儽,5867
兕,5868
哂,5869
啈,5870
嗝,5871
噱,5872
噭,5873
圮,5874
埒,5875
夼,5876
妗,5877
婊,5878
嫿,5879
嬖,5880
屌,5881
崙,5882
崞,5883
崮,5884
嶢,5885
嶧,5886
幗,5887
廎,5888
忝,5889
惓,5890
愎,5891
憒,5892
掫,5893
搠,5894
摭,5895
摶,5896
摞,5897
擤,5898
斮,5899
旒,5900
昕,5901
昉,5902
昱,5903
昫,5904
晻,5905
暘,5906
曏,5907
杙,5908
枻,5909
柷,5910
梃,5911
梐,5912
桷,5913
棽,5914
棼,5915
楯,5916
榧,5917
櫪,5918
櫨,5919
殍,5920
汜,5921
汧,5922
泖,5923
洧,5924
洫,5925
洙,5926
洑,5927
淥,5928
湔,5929
澍,5930
澌,5931
澽,5932
灞,5933
炷,5934
煢,5935
燹,5936
犋,5937
狴,5938
猁,5939
珅,5940
琺,5941
琭,5942
璅,5943
璠,5944
璡,5945
璫,5946
畀,5947
甾,5948
疹,5949
痦,5950
瘐,5951
瘰,5952
癃,5953
癘,5954
睞,5955
砭,5956
砮,5957
碓,5958
碇,5959
磑,5960
祓,5961
穠,5962
穭,5963
窸,5964
笤,5965
笪,5966
籧,5967
糈,5968
絅,5969
綃,5970
縋,5971
繢,5972
纆,5973
罟,5974
羋,5975
羝,5976
耨,5977
耰,5978
聃,5979
聒,5980
艅,5981
茈,5982
莘,5983
荽,5984
萇,5985
菉,5986
葸,5987
萩,5988
蓁,5989
蓺,5990
蕨,5991
薙,5992
薴,5993
蘡,5994
虻,5995
蚶,5996
蚰,5997
蜆,5998
蜢,5999
蟑,6000
螳,6001
蟛,6002
衾,6003
裯,6004
誚,6005
諑,6006
譎,6007
譔,6008
讆,6009
讋,6010
賅,6011
蹐,6012
躐,6013
輞,6014
轡,6015
迨,6016
逡,6017
遨,6018
邶,6019
邰,6020
郈,6021
郤,6022
郪,6023
郿,6024
鄔,6025
鄞,6026
鄢,6027
釵,6028
鈇,6029
鉈,6030
鋃,6031
鋌,6032
鎡,6033
鏞,6034
鐔,6035
靨,6036
韔,6037
顙,6038
饜,6039
驃,6040
魌,6041
鮓,6042
鰉,6043
鱭,6044
鴆,6045
鶉,6046
鵡,6047
鷓,6048
鷙,6049
麋,6050
黻,6051
鼒,6052
齏,6053
仟,6054
佾,6055
侑,6056
佽,6057
佹,6058
佫,6059
倨,6060
倬,6061
傕,6062
傯,6063
僳,6064
儕,6065
儓,6066
儻,6067
刓,6068
刳,6069
勖,6070
勩,6071
勱,6072
勼,6073
叟,6074
咑,6075
呣,6076
咩,6077
咼,6078
哞,6079
唚,6080
啶,6081
喵,6082
嗈,6083
嘏,6084
噌,6085
嚄,6086
囅,6087
囟,6088
坌,6089
坫,6090
垓,6091
堀,6092
堶,6093
妁,6094
妲,6095
嫪,6096
嬗,6097
岵,6098
崚,6099
嵯,6100
嶗,6101
廡,6102
彀,6103
徜,6104
怩,6105
恁,6106
悛,6107
悾,6108
悱,6109
愔,6110
慳,6111
慪,6112
拶,6113
掊,6114
捭,6115
搒,6116
搌,6117
搴,6118
攲,6119
旃,6120
旰,6121
晷,6122
曀,6123
曌,6124
朊,6125
朐,6126
杕,6127
棖,6128
楬,6129
槎,6130
樗,6131
橈,6132
檇,6133
櫼,6134
櫸,6135
歿,6136
毌,6137
毐,6138
氍,6139
洌,6140
涘,6141
淦,6142
淠,6143
滏,6144
滹,6145
潟,6146
澒,6147
潕,6148
澥,6149
濼,6150
瀣,6151
烊,6152
熥,6153
熳,6154
燔,6155
爨,6156
牝,6157
牾,6158
猓,6159
獐,6160
獠,6161
獪,6162
玎,6163
珽,6164
琮,6165
璁,6166
璈,6167
璩,6168
瓅,6169
畛,6170
畹,6171
疰,6172
瘺,6173
癤,6174
皰,6175
盦,6176
矍,6177
矰,6178
硠,6179
磣,6180
祔,6181
禡,6182
竑,6183
篥,6184
簉,6185
籜,6186
粞,6187
紟,6188
紲,6189
紱,6190
紬,6191
紩,6192
綞,6193
繙,6194
罌,6195
羼,6196
翳,6197
耵,6198
聵,6199
胂,6200
胼,6201
膦,6202
舛,6203
艋,6204
艿,6205
茖,6206
荻,6207
菼,6208
菑,6209
蓊,6210
蔞,6211
蕹,6212
虯,6213
蚪,6214
蚩,6215
蚋,6216
蜍,6217
蜴,6218
蠐,6219
蠵,6220
褭,6221
襞,6222
襫,6223
觫,6224
詈,6225
詿,6226
諠,6227
譙,6228
譖,6229
譫,6230
譾,6231
讎,6232
貊,6233
貔,6234
賕,6235
贇,6236
跣,6237
蹀,6238
蹕,6239
躒,6240
輈,6241
轔,6242
逯,6243
遢,6244
遹,6245
邋,6246
邠,6247
邴,6248
邽,6249
醯,6250
醽,6251
釧,6252
釹,6253
釽,6254
鉭,6255
鉏,6256
銠,6257
鉿,6258
錡,6259
錙,6260
錛,6261
鎏,6262
鎛,6263
鏃,6264
鏦,6265
鑣,6266
閎,6267
閿,6268
闐,6269
闤,6270
鞝,6271
鞫,6272
韉,6273
颺,6274
饗,6275
鬎,6276
鬩,6277
鬮,6278
鬯,6279
魎,6280
魘,6281
鱈,6282
鴞,6283
鴟,6284
鵁,6285
鵒,6286
鶂,6287
鶿,6288
黦,6289
齦,6290
乇,6291
乜,6292
乩,6293
仵,6294
倞,6295
倷,6296
僰,6297
儌,6298
儺,6299
剋,6300
劬,6301
厴,6302
叡,6303
呤,6304
哏,6305
呲,6306
唈,6307
唳,6308
喎,6309
嘽,6310
嘬,6311
噦,6312
嚜,6313
垟,6314
垚,6315
埆,6316
埻,6317
埏,6318
墉,6319
墘,6320
墀,6321
墦,6322
奩,6323
妣,6324
妺,6325
姱,6326
娉,6327
媯,6328
嫖,6329
嫘,6330
嬃,6331
宄,6332
寀,6333
尻,6334
屣,6335
崤,6336
嵫,6337
崳,6338
嵽,6339
嶠,6340
嶷,6341
巋,6342
庥,6343
弶,6344
徯,6345
忭,6346
怙,6347
怍,6348
悃,6349
惎,6350
慊,6351
憝,6352
懌,6353
懟,6354
捃,6355
挲,6356
揃,6357
搰,6358
撉,6359
攮,6360
斫,6361
旄,6362
旟,6363
晞,6364
暵,6365
曄,6366
曚,6367
朏,6368
杌,6369
柝,6370
桄,6371
楛,6372
榾,6373
樛,6374
櫜,6375
櫬,6376
歃,6377
殤,6378
殣,6379
殪,6380
殽,6381
氕,6382
氤,6383
氾,6384
汫,6385
泫,6386
洨,6387
洭,6388
洿,6389
泚,6390
涑,6391
湴,6392
湞,6393
湨,6394
溲,6395
溱,6396
滃,6397
滻,6398
滫,6399
澠,6400
澫,6401
濠,6402
濞,6403
瀅,6404
瀧,6405
瀼,6406
瀵,6407
焌,6408
熜,6409
燊,6410
燠,6411
爇,6412
爻,6413
牁,6414
牂,6415
狃,6416
狨,6417
狺,6418
獮,6419
獼,6420
玕,6421
珈,6422
珪,6423
琇,6424
琀,6425
瑗,6426
瓠,6427
瓻,6428
瘈,6429
瘭,6430
皞,6431
眇,6432
眥,6433
睇,6434
矞,6435
矧,6436
砦,6437
碭,6438
礞,6439
祧,6440
禊,6441
禛,6442
穰,6443
笄,6444
筦,6445
筴,6446
篌,6447
籙,6448
籹,6449
粧,6450
糒,6451
絎,6452
縠,6453
縲,6454
縩,6455
繒,6456
繻,6457
纑,6458
纚,6459
缶,6460
罳,6461
罽,6462
胠,6463
胗,6464
腯,6465
舨,6466
茆,6467
苾,6468
苴,6469
茌,6470
菅,6471
菔,6472
菏,6473
菥,6474
菘,6475
葎,6476
蓐,6477
蓰,6478
蕆,6479
蕤,6480
蕁,6481
藂,6482
蛩,6483
蝣,6484
蝥,6485
螗,6486
蟊,6487
螽,6488
衩,6489
袺,6490
裎,6491
褌,6492
褳,6493
襁,6494
襝,6495
觚,6496
觭,6497
觳,6498
觿,6499
訇,6500
訒,6501
詘,6502
詵,6503
諔,6504
諶,6505
谿,6506
賻,6507
贔,6508
趺,6509
跗,6510
跬,6511
踣,6512
蹔,6513
躓,6514
輅,6515
輶,6516
迓,6517
邐,6518
邘,6519
邡,6520
郋,6521
鄹,6522
酢,6523
醅,6524
醑,6525
醮,6526
醭,6527
釕,6528
鈚,6529
鈿,6530
鈰,6531
鉺,6532
鋈,6533
錆,6534
錣,6535
鍆,6536
錤,6537
鍤,6538
鎲,6539
鏑,6540
鏇,6541
鐨,6542
閫,6543
闍,6544
閽,6545
闉,6546
阢,6547
阬,6548
隰,6549
霪,6550
靉,6551
靸,6552
鞬,6553
顢,6554
飧,6555
餼,6556
饉,6557
饈,6558
饕,6559
駑,6560
騄,6561
騅,6562
騸,6563
驁,6564
骰,6565
鬘,6566
鯁,6567
鯖,6568
鯷,6569
鰥,6570
鰳,6571
鴃,6572
鵏,6573
鶺,6574
鷖,6575
鷥,6576
鷯,6577
黼,6578
齔,6579
齕,6580
齪,6581
亍,6582
亹,6583
仂,6584
倓,6585
儔,6586
儱,6587
冇,6588
刲,6589
劌,6590
劙,6591
劭,6592
匏,6593
匜,6594
卮,6595
卼,6596
吰,6597
呔,6598
唼,6599
唪,6600
喈,6601
嗍,6602
嗙,6603
嗾,6604
嚃,6605
圂,6606
圇,6607
圌,6608
圞,6609
坁,6610
坼,6611
垵,6612
埕,6613
堍,6614
堽,6615
壈,6616
夬,6617
奰,6618
妘,6619
姁,6620
姮,6621
娀,6622
娭,6623
婘,6624
媟,6625
媼,6626
嫗,6627
嫫,6628
嬔,6629
嬙,6630
孖,6631
宭,6632
寤,6633
尥,6634
岈,6635
岣,6636
岢,6637
峇,6638
崁,6639
崒,6640
崟,6641
嵲,6642
嶍,6643
嶒,6644
嶨,6645
嶴,6646
巉,6647
巘,6648
巿,6649
帡,6650
幧,6651
幪,6652
庳,6653
廨,6654
弇,6655
弮,6656
弸,6657
彧,6658
彳,6659
徛,6660
忮,6661
怫,6662
恓,6663
惝,6664
惛,6665
愐,6666
愍,6667
愨,6668
慓,6669
慝,6670
憯,6671
懃,6672
戌,6673
扃,6674
扤,6675
抔,6676
捌,6677
挩,6678
捩,6679
掞,6680
揎,6681
撝,6682
揠,6683
揲,6684
搋,6685
摋,6686
擿,6687
敉,6688
斲,6689
旂,6690
旯,6691
昀,6692
昝,6693
晡,6694
晬,6695
暍,6696
暐,6697
曈,6698
暾,6699
朘,6700
朳,6701
枓,6702
杪,6703
柒,6704
柁,6705
枲,6706
栟,6707
栳,6708
栝,6709
桹,6710
棶,6711
椋,6712
椸,6713
棰,6714
槨,6715
槿,6716
樘,6717
櫫,6718
欑,6719
欬,6720
欸,6721
欿,6722
歈,6723
殛,6724
殠,6725
毹,6726
氌,6727
氳,6728
氿,6729
沬,6730
淏,6731
湣,6732
湲,6733
滈,6734
溠,6735
溷,6736
溳,6737
漊,6738
濆,6739
潿,6740
澹,6741
澶,6742
澨,6743
濔,6744
瀔,6745
瀰,6746
灺,6747
炤,6748
炟,6749
焐,6750
焮,6751
熗,6752
熯,6753
燂,6754
爊,6755
爝,6756
牮,6757
犨,6758
犴,6759
狁,6760
狖,6761
狾,6762
狳,6763
猊,6764
猰,6765
猢,6766
猱,6767
猺,6768
獫,6769
獯,6770
玥,6771
玤,6772
珥,6773
琫,6774
瑁,6775
琿,6776
瑊,6777
瑢,6778
瑱,6779
瓔,6780
瓛,6781
瓴,6782
甍,6783
疐,6784
疔,6785
疥,6786
疳,6787
痎,6788
痿,6789
瘏,6790
瘃,6791
瘥,6792
瘼,6793
瘵,6794
瘲,6795
癜,6796
皕,6797
皤,6798
盉,6799
眊,6800
眙,6801
睆,6802
睅,6803
睊,6804
瞍,6805
瞋,6806
瞭,6807
矱,6808
矼,6809
硨,6810
磽,6811
磲,6812
礅,6813
礵,6814
禋,6815
禤,6816
禰,6817
禳,6818
穇,6819
窊,6820
窣,6821
窬,6822
笏,6823
筅,6824
筮,6825
筥,6826
箠,6827
篨,6828
篔,6829
簏,6830
簣,6831
簠,6832
簹,6833
糝,6834
絁,6835
綈,6836
綆,6837
綯,6838
緹,6839
緦,6840
縟,6841
縕,6842
縯,6843
縶,6844
繰,6845
繯,6846
纛,6847
罅,6848
罍,6849
罡,6850
罛,6851
罹,6852
罻,6853
罾,6854
羆,6855
翃,6856
翛,6857
翥,6858
耋,6859
耜,6860
聹,6861
肫,6862
肭,6863
胍,6864
胴,6865
脢,6866
腩,6867
腡,6868
膙,6869
臢,6870
臬,6871
舯,6872
舳,6873
艎,6874
艟,6875
艫,6876
艮,6877
艽,6878
芎,6879
芑,6880
芟,6881
芰,6882
芾,6883
芨,6884
芩,6885
茀,6886
苻,6887
苤,6888
莩,6889
菸,6890
萸,6891
萑,6892
菾,6893
葖,6894
葶,6895
蒎,6896
蒟,6897
蒯,6898
蔦,6899
蓛,6900
蕖,6901
蕢,6902
薜,6903
薀,6904
薤,6905
薆,6906
薁,6907
薷,6908
藚,6909
藶,6910
虓,6911
虺,6912
蚺,6913
蛘,6914
蛑,6915
蜊,6916
蛸,6917
蜩,6918
蜞,6919
蜾,6920
蝂,6921
螈,6922
螬,6923
螵,6924
螮,6925
蟯,6926
蟢,6927
蠃,6928
蠆,6929
蠑,6930
蠖,6931
衄,6932
衎,6933
衿,6934
袢,6935
裒,6936
褟,6937
襜,6938
襦,6939
襭,6940
襮,6941
襴,6942
襻,6943
覘,6944
覯,6945
觶,6946
詖,6947
誄,6948
諏,6949
諞,6950
謦,6951
譸,6952
讙,6953
豝,6954
貐,6955
貘,6956
貺,6957
賨,6958
賧,6959
贉,6960
赬,6961
跆,6962
跏,6963
踖,6964
踧,6965
蹡,6966
蹯,6967
躂,6968
躞,6969
軺,6970
輬,6971
輳,6972
轀,6973
邙,6974
邗,6975
邾,6976
郗,6977
鄗,6978
鄶,6979
酇,6980
酡,6981
酤,6982
醁,6983
醐,6984
醍,6985
醰,6986
銛,6987
銎,6988
鋨,6989
鋆,6990
錟,6991
鋋,6992
鎯,6993
鍰,6994
鍠,6995
鏨,6996
鏐,6997
鏷,6998
閌,6999
閼,7000
闃,7001
闠,7002
阼,7003
陴,7004
隉,7005
隳,7006
隼,7007
霢,7008
靆,7009
靿,7010
鞡,7011
鞨,7012
韆,7013
頇,7014
頫,7015
顑,7016
顥,7017
顰,7018
颭,7019
飥,7020
餖,7021
餭,7022
餱,7023
餮,7024
饐,7025
駰,7026
騂,7027
騧,7028
騭,7029
驂,7030
髁,7031
髣,7032
髲,7033
髹,7034
髽,7035
鬁,7036
鬌,7037
鬒,7038
鬟,7039
鮪,7040
鮸,7041
鯢,7042
鰈,7043
鰒,7044
鰤,7045
鱟,7046
鱠,7047
鴒,7048
鵂,7049
鵃,7050
鵓,7051
鶄,7052
鶒,7053
鶘,7054
鶗,7055
鶼,7056
鷁,7057
鶱,7058
鷸,7059
鸂,7060
鷿,7061
鸏,7062
鸛,7063
鸝,7064
麴,7065
黧,7066
黹,7067
黽,7068
鼉,7069
鼢,7070
齙,7071
齬,7072
吖,7073
噃,7074
啋,7075
唓,7076
哋,7077
啲,7078
哚,7079
㗎,7080
咁,7081
噉,7082
喼,7083
嘅,7084
嗰,7085
啹,7086
啩,7087
吓,7088
喺,7089
响,7090
叶,7091
嗬,7092
啫,7093
咗,7094
咲,7095
嚟,7096
嘞,7097
囖,7098
嘸,7099
嚤,7100
嗱,7101
啱,7102
嘭,7103
呯,7104
卟,7105
唦,7106
嘥,7107
噻,7108
嘢,7109
吚,7110
嚥,7111
